{
  "perturb_0.000": {
    "planner_only": {
      "success_rate": 1.0,
      "success_ci_lo": 0.9630051925239981,
      "success_ci_hi": 0.9999999999999999,
      "mean_reward": 295.26390098516316,
      "std_reward": 5.684341886080802e-14,
      "mean_steps": 888.0,
      "mean_residual": 0.0,
      "num_episodes": 100,
      "phase_distribution": {
        "pre_grasp": 0,
        "grasp_descend": 0,
        "lift": 100
      },
      "grasp_attempted_rate": 1.0,
      "grasp_attached_rate": 1.0,
      "cube_fallen_rate": 0.0,
      "cube_lifted_rate": 1.0,
      "mean_cube_dz": 0.10060038936794237,
      "mean_ee_cube_dist": 0.019933393876519403,
      "mean_forced_wp_advances": 0.0
    },
    "hybrid": {
      "success_rate": 0.8,
      "success_ci_lo": 0.7111690380734977,
      "success_ci_hi": 0.8666340774409013,
      "mean_reward": 239.636598584961,
      "std_reward": 82.86579881326462,
      "mean_steps": 1699.34,
      "mean_residual": 0.0329353775152556,
      "num_episodes": 100,
      "phase_distribution": {
        "pre_grasp": 0,
        "grasp_descend": 20,
        "lift": 80
      },
      "grasp_attempted_rate": 1.0,
      "grasp_attached_rate": 0.8,
      "cube_fallen_rate": 0.0,
      "cube_lifted_rate": 0.8,
      "mean_cube_dz": 0.0862136792107286,
      "mean_ee_cube_dist": 0.018597713684214347,
      "mean_forced_wp_advances": 7.9
    },
    "rl_only": {
      "success_rate": 0.0,
      "success_ci_lo": 0.0,
      "success_ci_hi": 0.03699480747600191,
      "mean_reward": 37.923131381152764,
      "std_reward": 8.688604201613876,
      "mean_steps": 3854.86,
      "mean_residual": 0.0,
      "num_episodes": 100,
      "phase_distribution": {
        "pre_grasp": 0,
        "grasp_descend": 100,
        "lift": 0
      },
      "grasp_attempted_rate": 1.0,
      "grasp_attached_rate": 0.0,
      "cube_fallen_rate": 0.0,
      "cube_lifted_rate": 0.0,
      "mean_cube_dz": 0.024075763287197686,
      "mean_ee_cube_dist": 0.10885050893048337,
      "mean_forced_wp_advances": 38.53
    }
  },
  "perturb_0.020": {
    "planner_only": {
      "success_rate": 0.53,
      "success_ci_lo": 0.4328868313724773,
      "success_ci_hi": 0.6248934801789626,
      "mean_reward": 198.26943949084853,
      "std_reward": 101.097122147028,
      "mean_steps": 858.9,
      "mean_residual": 0.0,
      "num_episodes": 100,
      "phase_distribution": {
        "pre_grasp": 0,
        "grasp_descend": 47,
        "lift": 53
      },
      "grasp_attempted_rate": 1.0,
      "grasp_attached_rate": 0.53,
      "cube_fallen_rate": 0.0,
      "cube_lifted_rate": 0.53,
      "mean_cube_dz": 0.06563731788149031,
      "mean_ee_cube_dist": 0.02457675174631708,
      "mean_forced_wp_advances": 0.0
    },
    "hybrid": {
      "success_rate": 0.6,
      "success_ci_lo": 0.5020007846184025,
      "success_ci_hi": 0.6906002538863971,
      "mean_reward": 193.5854997459711,
      "std_reward": 104.88370187940416,
      "mean_steps": 1941.43,
      "mean_residual": 0.0336035850062298,
      "num_episodes": 100,
      "phase_distribution": {
        "pre_grasp": 0,
        "grasp_descend": 40,
        "lift": 60
      },
      "grasp_attempted_rate": 1.0,
      "grasp_attached_rate": 0.6,
      "cube_fallen_rate": 0.0,
      "cube_lifted_rate": 0.6,
      "mean_cube_dz": 0.07148215919324183,
      "mean_ee_cube_dist": 0.02767268947750889,
      "mean_forced_wp_advances": 10.64
    },
    "rl_only": {
      "success_rate": 0.0,
      "success_ci_lo": 0.0,
      "success_ci_hi": 0.03699480747600191,
      "mean_reward": 36.81301950003652,
      "std_reward": 9.027124022461306,
      "mean_steps": 3843.89,
      "mean_residual": 0.0,
      "num_episodes": 100,
      "phase_distribution": {
        "pre_grasp": 0,
        "grasp_descend": 99,
        "lift": 1
      },
      "grasp_attempted_rate": 1.0,
      "grasp_attached_rate": 0.01,
      "cube_fallen_rate": 0.0,
      "cube_lifted_rate": 0.0,
      "mean_cube_dz": 0.024045357695383452,
      "mean_ee_cube_dist": 0.11414319534788313,
      "mean_forced_wp_advances": 38.41
    }
  },
  "perturb_0.040": {
    "planner_only": {
      "success_rate": 0.44,
      "success_ci_lo": 0.34671865400968327,
      "success_ci_hi": 0.537720722887437,
      "mean_reward": 179.67220729731406,
      "std_reward": 98.47953158293323,
      "mean_steps": 870.51,
      "mean_residual": 0.0,
      "num_episodes": 100,
      "phase_distribution": {
        "pre_grasp": 0,
        "grasp_descend": 56,
        "lift": 44
      },
      "grasp_attempted_rate": 1.0,
      "grasp_attached_rate": 0.44,
      "cube_fallen_rate": 0.0,
      "cube_lifted_rate": 0.44,
      "mean_cube_dz": 0.05971898639702841,
      "mean_ee_cube_dist": 0.026438623352364323,
      "mean_forced_wp_advances": 0.03
    },
    "hybrid": {
      "success_rate": 0.54,
      "success_ci_lo": 0.44264685393523856,
      "success_ci_hi": 0.6343935614666815,
      "mean_reward": 173.68126596119208,
      "std_reward": 103.61976449492286,
      "mean_steps": 2402.34,
      "mean_residual": 0.034290641304604026,
      "num_episodes": 100,
      "phase_distribution": {
        "pre_grasp": 0,
        "grasp_descend": 46,
        "lift": 54
      },
      "grasp_attempted_rate": 1.0,
      "grasp_attached_rate": 0.54,
      "cube_fallen_rate": 0.0,
      "cube_lifted_rate": 0.54,
      "mean_cube_dz": 0.06657557326365986,
      "mean_ee_cube_dist": 0.023742306137966268,
      "mean_forced_wp_advances": 15.26
    },
    "rl_only": {
      "success_rate": 0.0,
      "success_ci_lo": 0.0,
      "success_ci_hi": 0.03699480747600191,
      "mean_reward": 39.07261661177046,
      "std_reward": 13.953586238911404,
      "mean_steps": 3581.01,
      "mean_residual": 0.0,
      "num_episodes": 100,
      "phase_distribution": {
        "pre_grasp": 0,
        "grasp_descend": 100,
        "lift": 0
      },
      "grasp_attempted_rate": 1.0,
      "grasp_attached_rate": 0.0,
      "cube_fallen_rate": 0.0,
      "cube_lifted_rate": 0.0,
      "mean_cube_dz": 0.02439900999196717,
      "mean_ee_cube_dist": 0.11291460697766899,
      "mean_forced_wp_advances": 35.71
    }
  },
  "perturb_0.060": {
    "planner_only": {
      "success_rate": 0.33,
      "success_ci_lo": 0.24562983793895452,
      "success_ci_hi": 0.4269483966028862,
      "mean_reward": 152.98784354274554,
      "std_reward": 93.64338169511149,
      "mean_steps": 868.18,
      "mean_residual": 0.0,
      "num_episodes": 100,
      "phase_distribution": {
        "pre_grasp": 0,
        "grasp_descend": 67,
        "lift": 33
      },
      "grasp_attempted_rate": 1.0,
      "grasp_attached_rate": 0.33,
      "cube_fallen_rate": 0.0,
      "cube_lifted_rate": 0.33,
      "mean_cube_dz": 0.05179066684467597,
      "mean_ee_cube_dist": 0.035331722279842256,
      "mean_forced_wp_advances": 0.06
    },
    "hybrid": {
      "success_rate": 0.3,
      "success_ci_lo": 0.21894753866228117,
      "success_ci_hi": 0.39585038432811953,
      "mean_reward": 116.39337215865245,
      "std_reward": 98.12282007861909,
      "mean_steps": 2777.96,
      "mean_residual": 0.03516801157110929,
      "num_episodes": 100,
      "phase_distribution": {
        "pre_grasp": 0,
        "grasp_descend": 70,
        "lift": 30
      },
      "grasp_attempted_rate": 1.0,
      "grasp_attached_rate": 0.3,
      "cube_fallen_rate": 0.0,
      "cube_lifted_rate": 0.3,
      "mean_cube_dz": 0.04815679565410413,
      "mean_ee_cube_dist": 0.03889018815527093,
      "mean_forced_wp_advances": 19.32
    },
    "rl_only": {
      "success_rate": 0.0,
      "success_ci_lo": 0.0,
      "success_ci_hi": 0.03699480747600191,
      "mean_reward": 44.0436316976321,
      "std_reward": 17.05694650416911,
      "mean_steps": 3298.45,
      "mean_residual": 0.0,
      "num_episodes": 100,
      "phase_distribution": {
        "pre_grasp": 0,
        "grasp_descend": 100,
        "lift": 0
      },
      "grasp_attempted_rate": 1.0,