{
  "perturb_0.000": {
    "planner_only": {
      "success_rate": 1.0,
      "success_ci_lo": 0.9630051925239981,
      "success_ci_hi": 0.9999999999999999,
      "mean_reward": 295.26390098516316,
      "std_reward": 5.684341886080802e-14,
      "mean_steps": 888.0,
      "mean_residual": 0.0,
      "num_episodes": 100,
      "phase_distribution": {
        "pre_grasp": 0,
        "grasp_descend": 0,
        "lift": 100
      },
      "grasp_attempted_rate": 1.0,
      "grasp_attached_rate": 1.0,
      "cube_fallen_rate": 0.0,
      "cube_lifted_rate": 1.0,
      "mean_cube_dz": 0.10060038936794237,
      "mean_ee_cube_dist": 0.019933393876519403,
      "mean_forced_wp_advances": 0.0
    },
    "hybrid": {
      "success_rate": 0.41,
      "success_ci_lo": 0.31867157095664655,
      "success_ci_hi": 0.5079874943890338,
      "mean_reward": 156.70620837391326,
      "std_reward": 99.66998202036108,
      "mean_steps": 1972.92,
      "mean_residual": 0.03554070074026019,
      "num_episodes": 100,
      "phase_distribution": {
        "pre_grasp": 0,
        "grasp_descend": 59,
        "lift": 41
      },
      "grasp_attempted_rate": 1.0,
      "grasp_attached_rate": 0.41,
      "cube_fallen_rate": 0.0,
      "cube_lifted_rate": 0.41,
      "mean_cube_dz": 0.05804832077963526,
      "mean_ee_cube_dist": 0.02060491985193583,
      "mean_forced_wp_advances": 11.2
    },
    "rl_only": {
      "success_rate": 0.0,
      "success_ci_lo": 0.0,
      "success_ci_hi": 0.03699480747600191,
      "mean_reward": 39.784717243741845,
      "std_reward": 7.63145377367591,
      "mean_steps": 3855.76,
      "mean_residual": 0.0,
      "num_episodes": 100,
      "phase_distribution": {
        "pre_grasp": 0,
        "grasp_descend": 100,
        "lift": 0
      },
      "grasp_attempted_rate": 1.0,
      "grasp_attached_rate": 0.0,
      "cube_fallen_rate": 0.0,
      "cube_lifted_rate": 0.0,
      "mean_cube_dz": 0.024111185043905355,
      "mean_ee_cube_dist": 0.10559788187250951,
      "mean_forced_wp_advances": 38.54
    }
  },
  "perturb_0.020": {
    "planner_only": {
      "success_rate": 0.53,
      "success_ci_lo": 0.4328868313724773,
      "success_ci_hi": 0.6248934801789626,
      "mean_reward": 199.76144369898236,
      "std_reward": 99.83407004829232,
      "mean_steps": 857.63,
      "mean_residual": 0.0,
      "num_episodes": 100,
      "phase_distribution": {
        "pre_grasp": 0,
        "grasp_descend": 47,
        "lift": 53
      },
      "grasp_attempted_rate": 1.0,
      "grasp_attached_rate": 0.53,
      "cube_fallen_rate": 0.0,
      "cube_lifted_rate": 0.53,
      "mean_cube_dz": 0.06592050463234418,
      "mean_ee_cube_dist": 0.024432618597306655,
      "mean_forced_wp_advances": 0.0
    },
    "hybrid": {
      "success_rate": 0.56,
      "success_ci_lo": 0.4622792771125631,
      "success_ci_hi": 0.6532813459903167,
      "mean_reward": 186.44560625498352,
      "std_reward": 99.44957045604049,
      "mean_steps": 2016.89,
      "mean_residual": 0.03546801563192957,
      "num_episodes": 100,
      "phase_distribution": {
        "pre_grasp": 0,
        "grasp_descend": 44,
        "lift": 56
      },
      "grasp_attempted_rate": 1.0,
      "grasp_attached_rate": 0.56,
      "cube_fallen_rate": 0.0,
      "cube_lifted_rate": 0.56,
      "mean_cube_dz": 0.06902751083877318,
      "mean_ee_cube_dist": 0.021388476334325782,
      "mean_forced_wp_advances": 11.42
    },
    "rl_only": {
      "success_rate": 0.0,
      "success_ci_lo": 0.0,
      "success_ci_hi": 0.03699480747600191,
      "mean_reward": 38.18786189503902,
      "std_reward": 7.7652521285470915,
      "mean_steps": 3852.14,
      "mean_residual": 0.0,
      "num_episodes": 100,
      "phase_distribution": {
        "pre_grasp": 0,
        "grasp_descend": 100,
        "lift": 0
      },
      "grasp_attempted_rate": 1.0,
      "grasp_attached_rate": 0.0,
      "cube_fallen_rate": 0.0,
      "cube_lifted_rate": 0.0,
      "mean_cube_dz": 0.024594710069949878,
      "mean_ee_cube_dist": 0.10622823099982527,
      "mean_forced_wp_advances": 38.5
    }
  },
  "perturb_0.040": {
    "planner_only": {
      "success_rate": 0.48,
      "success_ci_lo": 0.38464384320080547,
      "success_ci_hi": 0.5768359490982345,
      "mean_reward": 186.83821275773872,
      "std_reward": 98.40794866072673,
      "mean_steps": 873.28,
      "mean_residual": 0.0,
      "num_episodes": 100,
      "phase_distribution": {
        "pre_grasp": 0,
        "grasp_descend": 52,
        "lift": 48
      },
      "grasp_attempted_rate": 1.0,
      "grasp_attached_rate": 0.48,
      "cube_fallen_rate": 0.0,
      "cube_lifted_rate": 0.48,
      "mean_cube_dz": 0.06317412683202886,
      "mean_ee_cube_dist": 0.029399140109679277,
      "mean_forced_wp_advances": 0.03
    },
    "hybrid": {
      "success_rate": 0.6,
      "success_ci_lo": 0.5020007846184025,
      "success_ci_hi": 0.6906002538863971,
      "mean_reward": 191.58196912625783,
      "std_reward": 98.08139753264419,
      "mean_steps": 2179.46,
      "mean_residual": 0.03542237707202244,
      "num_episodes": 100,
      "phase_distribution": {
        "pre_grasp": 0,
        "grasp_descend": 40,
        "lift": 60
      },
      "grasp_attempted_rate": 1.0,
      "grasp_attached_rate": 0.6,
      "cube_fallen_rate": 0.0,
      "cube_lifted_rate": 0.6,
      "mean_cube_dz": 0.07193370512864024,
      "mean_ee_cube_dist": 0.025559388644559592,
      "mean_forced_wp_advances": 13.07
    },
    "rl_only": {
      "success_rate": 0.0,
      "success_ci_lo": 0.0,
      "success_ci_hi": 0.03699480747600191,
      "mean_reward": 37.90753784838533,
      "std_reward": 14.035947451715987,
      "mean_steps": 3568.74,
      "mean_residual": 0.0,
      "num_episodes": 100,
      "phase_distribution": {
        "pre_grasp": 0,
        "grasp_descend": 100,
        "lift": 0
      },
      "grasp_attempted_rate": 1.0,
      "grasp_attached_rate": 0.0,
      "cube_fallen_rate": 0.0,
      "cube_lifted_rate": 0.0,
      "mean_cube_dz": 0.024510311047112827,
      "mean_ee_cube_dist": 0.1167532886231757,
      "mean_forced_wp_advances": 35.6
    }
  },
  "perturb_0.060": {
    "planner_only": {
      "success_rate": 0.36,
      "success_ci_lo": 0.2727107459049014,
      "success_ci_hi": 0.45764780018837914,
      "mean_reward": 155.24392260951993,
      "std_reward": 96.8250698109424,
      "mean_steps": 875.19,
      "mean_residual": 0.0,
      "num_episodes": 100,
      "phase_distribution": {
        "pre_grasp": 0,
        "grasp_descend": 64,
        "lift": 36
      },
      "grasp_attempted_rate": 1.0,
      "grasp_attached_rate": 0.36,
      "cube_fallen_rate": 0.0,
      "cube_lifted_rate": 0.36,
      "mean_cube_dz": 0.054436460932971845,
      "mean_ee_cube_dist": 0.03475386357866715,
      "mean_forced_wp_advances": 0.06
    },
    "hybrid": {
      "success_rate": 0.64,
      "success_ci_lo": 0.542352199811621,
      "success_ci_hi": 0.7272892540950986,
      "mean_reward": 194.81102870234167,
      "std_reward": 99.0920414944571,
      "mean_steps": 2384.51,
      "mean_residual": 0.03540282589455577,
      "num_episodes": 100,
      "phase_distribution": {
        "pre_grasp": 0,
        "grasp_descend": 36,
        "lift": 64
      },
      "grasp_attempted_rate": 1.0,
      "grasp_attached_rate": 0.64,
      "cube_fallen_rate": 0.0,
      "cube_lifted_rate": 0.64,
      "mean_cube_dz": 0.07426889942919614,
      "mean_ee_cube_dist": 0.02666140589977352,
      "mean_forced_wp_advances": 15.13
    },
    "rl_only": {
      "success_rate": 0.0,
      "success_ci_lo": 0.0,
      "success_ci_hi": 0.03699480747600191,
      "mean_reward": 40.40010144315174,
      "std_reward": 16.635463326551143,
      "mean_steps": 3367.79,
      "mean_residual": 0.0,
      "num_episodes": 100,
      "phase_distribution": {
        "pre_grasp": 0,
        "grasp_descend": 100,
        "lift": 0
      },
      "grasp_attempted_rate": 1.0,