{
  "perturb_0.000": {
    "planner_only": {
      "success_rate": 1.0,
      "success_ci_lo": 0.9630051925239981,
      "success_ci_hi": 0.9999999999999999,
      "mean_reward": 295.26390098516316,
      "std_reward": 5.684341886080802e-14,
      "mean_steps": 888.0,
      "mean_residual": 0.0,
      "num_episodes": 100,
      "phase_distribution": {
        "pre_grasp": 0,
        "grasp_descend": 0,
        "lift": 100
      },
      "grasp_attempted_rate": 1.0,
      "grasp_attached_rate": 1.0,
      "cube_fallen_rate": 0.0,
      "cube_lifted_rate": 1.0,
      "mean_cube_dz": 0.10060038936794237,
      "mean_ee_cube_dist": 0.019933393876519403,
      "mean_forced_wp_advances": 0.0
    },
    "hybrid": {
      "success_rate": 0.77,
      "success_ci_lo": 0.6784543514317231,
      "success_ci_hi": 0.841568452531236,
      "mean_reward": 228.48782904783562,
      "std_reward": 87.28229356422723,
      "mean_steps": 2155.14,
      "mean_residual": 0.028433145296855068,
      "num_episodes": 100,
      "phase_distribution": {
        "pre_grasp": 0,
        "grasp_descend": 23,
        "lift": 77
      },
      "grasp_attempted_rate": 1.0,
      "grasp_attached_rate": 0.77,
      "cube_fallen_rate": 0.0,
      "cube_lifted_rate": 0.77,
      "mean_cube_dz": 0.0837370471697652,
      "mean_ee_cube_dist": 0.01902374058803822,
      "mean_forced_wp_advances": 12.58
    },
    "rl_only": {
      "success_rate": 0.0,
      "success_ci_lo": 0.0,
      "success_ci_hi": 0.03699480747600191,
      "mean_reward": 38.375000791292834,
      "std_reward": 7.743720832002468,
      "mean_steps": 3848.99,
      "mean_residual": 0.0,
      "num_episodes": 100,
      "phase_distribution": {
        "pre_grasp": 0,
        "grasp_descend": 100,
        "lift": 0
      },
      "grasp_attempted_rate": 1.0,
      "grasp_attached_rate": 0.0,
      "cube_fallen_rate": 0.0,
      "cube_lifted_rate": 0.0,
      "mean_cube_dz": 0.02415740106795297,
      "mean_ee_cube_dist": 0.10967406309047936,
      "mean_forced_wp_advances": 38.47
    }
  },
  "perturb_0.020": {
    "planner_only": {
      "success_rate": 0.63,
      "success_ci_lo": 0.5322034757513312,
      "success_ci_hi": 0.7181778743049083,
      "mean_reward": 219.07279080839038,
      "std_reward": 97.3304123716154,
      "mean_steps": 866.85,
      "mean_residual": 0.0,
      "num_episodes": 100,
      "phase_distribution": {
        "pre_grasp": 0,
        "grasp_descend": 37,
        "lift": 63
      },
      "grasp_attempted_rate": 1.0,
      "grasp_attached_rate": 0.63,
      "cube_fallen_rate": 0.0,
      "cube_lifted_rate": 0.63,
      "mean_cube_dz": 0.07401053114823225,
      "mean_ee_cube_dist": 0.025216045276816493,
      "mean_forced_wp_advances": 0.0
    },
    "hybrid": {
      "success_rate": 0.64,
      "success_ci_lo": 0.542352199811621,
      "success_ci_hi": 0.7272892540950986,
      "mean_reward": 197.8185311152615,
      "std_reward": 98.17961315966005,
      "mean_steps": 2371.15,
      "mean_residual": 0.028743320674608195,
      "num_episodes": 100,
      "phase_distribution": {
        "pre_grasp": 0,
        "grasp_descend": 36,
        "lift": 64
      },
      "grasp_attempted_rate": 1.0,
      "grasp_attached_rate": 0.64,
      "cube_fallen_rate": 0.0,
      "cube_lifted_rate": 0.64,
      "mean_cube_dz": 0.07379615018290991,
      "mean_ee_cube_dist": 0.02336596186467156,
      "mean_forced_wp_advances": 15.1
    },
    "rl_only": {
      "success_rate": 0.0,
      "success_ci_lo": 0.0,
      "success_ci_hi": 0.03699480747600191,
      "mean_reward": 36.69549121236173,
      "std_reward": 8.510883107343629,
      "mean_steps": 3845.83,
      "mean_residual": 0.0,
      "num_episodes": 100,
      "phase_distribution": {
        "pre_grasp": 0,
        "grasp_descend": 100,
        "lift": 0
      },
      "grasp_attempted_rate": 1.0,
      "grasp_attached_rate": 0.0,
      "cube_fallen_rate": 0.0,
      "cube_lifted_rate": 0.0,
      "mean_cube_dz": 0.024163541422592586,
      "mean_ee_cube_dist": 0.10602425784786174,
      "mean_forced_wp_advances": 38.44
    }
  },
  "perturb_0.040": {
    "planner_only": {
      "success_rate": 0.44,
      "success_ci_lo": 0.34671865400968327,
      "success_ci_hi": 0.537720722887437,
      "mean_reward": 177.36473685525488,
      "std_reward": 97.63111991949226,
      "mean_steps": 871.17,
      "mean_residual": 0.0,
      "num_episodes": 100,
      "phase_distribution": {
        "pre_grasp": 0,
        "grasp_descend": 56,
        "lift": 44
      },
      "grasp_attempted_rate": 1.0,
      "grasp_attached_rate": 0.44,
      "cube_fallen_rate": 0.0,
      "cube_lifted_rate": 0.44,
      "mean_cube_dz": 0.06013759586199306,
      "mean_ee_cube_dist": 0.027848861974597336,
      "mean_forced_wp_advances": 0.03
    },
    "hybrid": {
      "success_rate": 0.57,
      "success_ci_lo": 0.4721521169586435,
      "success_ci_hi": 0.6626686099947162,
      "mean_reward": 176.45169656841378,
      "std_reward": 99.99810985597655,
      "mean_steps": 2614.27,
      "mean_residual": 0.028882473652506464,
      "num_episodes": 100,
      "phase_distribution": {
        "pre_grasp": 0,
        "grasp_descend": 43,
        "lift": 57
      },
      "grasp_attempted_rate": 1.0,
      "grasp_attached_rate": 0.57,
      "cube_fallen_rate": 0.0,
      "cube_lifted_rate": 0.57,
      "mean_cube_dz": 0.06878380332114686,
      "mean_ee_cube_dist": 0.029754313232620077,
      "mean_forced_wp_advances": 17.39
    },
    "rl_only": {
      "success_rate": 0.0,
      "success_ci_lo": 0.0,
      "success_ci_hi": 0.03699480747600191,
      "mean_reward": 41.98439218299085,
      "std_reward": 14.711796282205897,
      "mean_steps": 3402.46,
      "mean_residual": 0.0,
      "num_episodes": 100,
      "phase_distribution": {
        "pre_grasp": 0,
        "grasp_descend": 100,
        "lift": 0
      },
      "grasp_attempted_rate": 1.0,
      "grasp_attached_rate": 0.0,
      "cube_fallen_rate": 0.0,
      "cube_lifted_rate": 0.0,
      "mean_cube_dz": 0.023568446733193967,
      "mean_ee_cube_dist": 0.12644746897875078,
      "mean_forced_wp_advances": 33.89
    }
  },
  "perturb_0.060": {
    "planner_only": {
      "success_rate": 0.31,
      "success_ci_lo": 0.22779563206132378,
      "success_ci_hi": 0.40626239477955695,
      "mean_reward": 147.49968744429614,
      "std_reward": 92.03198140615257,
      "mean_steps": 871.91,
      "mean_residual": 0.0,
      "num_episodes": 100,
      "phase_distribution": {
        "pre_grasp": 0,
        "grasp_descend": 69,
        "lift": 31
      },
      "grasp_attempted_rate": 1.0,
      "grasp_attached_rate": 0.31,
      "cube_fallen_rate": 0.0,
      "cube_lifted_rate": 0.31,
      "mean_cube_dz": 0.050227863064474555,
      "mean_ee_cube_dist": 0.03846230023523014,
      "mean_forced_wp_advances": 0.1
    },
    "hybrid": {
      "success_rate": 0.34,
      "success_ci_lo": 0.25461379497543,
      "success_ci_hi": 0.43722454341689065,
      "mean_reward": 124.05094573939542,
      "std_reward": 96.6462715916841,
      "mean_steps": 2903.14,
      "mean_residual": 0.02919353793606968,
      "num_episodes": 100,
      "phase_distribution": {
        "pre_grasp": 0,
        "grasp_descend": 66,
        "lift": 34
      },
      "grasp_attempted_rate": 1.0,
      "grasp_attached_rate": 0.34,
      "cube_fallen_rate": 0.0,
      "cube_lifted_rate": 0.34,
      "mean_cube_dz": 0.0510903798565388,
      "mean_ee_cube_dist": 0.04335930352024617,
      "mean_forced_wp_advances": 20.89
    },
    "rl_only": {
      "success_rate": 0.0,
      "success_ci_lo": 0.0,
      "success_ci_hi": 0.03699480747600191,
      "mean_reward": 41.40815007400328,
      "std_reward": 15.450455350100283,
      "mean_steps": 3369.44,
      "mean_residual": 0.0,
      "num_episodes": 100,
      "phase_distribution": {
        "pre_grasp": 0,
        "grasp_descend": 100,
        "lift": 0
      },
      "grasp_attempted_rate": 1.0,