{
  "perturb_0.000": {
    "hybrid": {
      "success_rate": 0.6366666666666667,
      "success_ci_lo": 0.51,
      "success_ci_hi": 0.735,
      "success_min": 0.44,
      "success_max": 0.89,
      "success_std": 0.23028967265887834,
      "mean_reward": 103.32384959666324,
      "mean_residual": 0.029288748777803852,
      "mean_steps": 2210.7599999999998,
      "num_episodes": 300,
      "n_seeds": 3,
      "per_seed_success_rate": [
        0.58,
        0.44,
        0.89
      ],
      "per_seed_mean_reward": [
        94.66455357347559,
        65.17059878936706,
        150.13639642714705
      ],
      "grasp_attempted_rate": 1.0,
      "grasp_attached_rate": 0.6366666666666667,
      "cube_fallen_rate": 0.0,
      "cube_lifted_rate": 0.6366666666666667,
      "mean_cube_dz": 0.07370654102095701,
      "mean_ee_cube_dist": 0.025092721762379717,
      "mean_forced_wp_advances": 13.716666666666667,
      "phase_distribution": {
        "pre_grasp": 0,
        "grasp_descend": 109,
        "lift": 191
      }
    },
    "planner_only": {
      "success_rate": 1.0,
      "success_ci_lo": 1.0,
      "success_ci_hi": 1.0,
      "success_min": 1.0,
      "success_max": 1.0,
      "success_std": 0.0,
      "mean_reward": 275.23890098516307,
      "mean_residual": 0.0,
      "mean_steps": 888.0,
      "num_episodes": 300,
      "n_seeds": 3,
      "per_seed_success_rate": [
        1.0,
        1.0,
        1.0
      ],
      "per_seed_mean_reward": [
        275.23890098516307,
        275.23890098516307,
        275.23890098516307
      ],
      "grasp_attempted_rate": 1.0,
      "grasp_attached_rate": 1.0,
      "cube_fallen_rate": 0.0,
      "cube_lifted_rate": 1.0,
      "mean_cube_dz": 0.10060038936794237,
      "mean_ee_cube_dist": 0.019933393876519403,
      "mean_forced_wp_advances": 0.0,
      "phase_distribution": {
        "pre_grasp": 0,
        "grasp_descend": 0,
        "lift": 300
      }
    }
  },
  "perturb_0.020": {
    "hybrid": {
      "success_rate": 0.6533333333333333,
      "success_ci_lo": 0.62,
      "success_ci_hi": 0.6799999999999999,
      "success_min": 0.6,
      "success_max": 0.72,
      "success_std": 0.06110100926607786,
      "mean_reward": 104.30509208399205,
      "mean_residual": 0.029422286312555345,
      "mean_steps": 2243.94,
      "num_episodes": 300,
      "n_seeds": 3,
      "per_seed_success_rate": [
        0.6,
        0.64,
        0.72
      ],
      "per_seed_mean_reward": [
        95.25942564137964,
        103.3771774908855,
        114.27867311971102
      ],
      "grasp_attempted_rate": 1.0,
      "grasp_attached_rate": 0.6533333333333333,
      "cube_fallen_rate": 0.0,
      "cube_lifted_rate": 0.6533333333333333,
      "mean_cube_dz": 0.07529342099604314,
      "mean_ee_cube_dist": 0.025202303176485683,
      "mean_forced_wp_advances": 13.909999999999998,
      "phase_distribution": {
        "pre_grasp": 0,
        "grasp_descend": 104,
        "lift": 196
      }
    },
    "planner_only": {
      "success_rate": 0.5466666666666667,
      "success_ci_lo": 0.505,
      "success_ci_hi": 0.5700000000000001,
      "success_min": 0.5,
      "success_max": 0.63,
      "success_std": 0.07234178138070235,
      "mean_reward": 181.65655180304176,
      "mean_residual": 0.0,
      "mean_steps": 859.2433333333333,
      "num_episodes": 300,
      "n_seeds": 3,
      "per_seed_success_rate": [
        0.63,
        0.51,
        0.5
      ],
      "per_seed_mean_reward": [
        198.21708586523312,
        174.51847707385863,
        172.2340924700335
      ],
      "grasp_attempted_rate": 1.0,
      "grasp_attached_rate": 0.5466666666666667,
      "cube_fallen_rate": 0.0,
      "cube_lifted_rate": 0.5466666666666667,
      "mean_cube_dz": 0.0676913812067773,
      "mean_ee_cube_dist": 0.025166769972488113,
      "mean_forced_wp_advances": 0.0,
      "phase_distribution": {
        "pre_grasp": 0,
        "grasp_descend": 136,
        "lift": 164
      }
    }
  },
  "perturb_0.040": {
    "hybrid": {
      "success_rate": 0.7799999999999999,
      "success_ci_lo": 0.75,
      "success_ci_hi": 0.8049999999999999,
      "success_min": 0.73,
      "success_max": 0.84,
      "success_std": 0.05567764362830021,
      "mean_reward": 122.42448405580218,
      "mean_residual": 0.029611185283705526,
      "mean_steps": 2386.5933333333337,
      "num_episodes": 300,
      "n_seeds": 3,
      "per_seed_success_rate": [
        0.77,
        0.73,
        0.84
      ],
      "per_seed_mean_reward": [
        124.5658945009499,
        111.08755840236746,
        131.6199992640892
      ],
      "grasp_attempted_rate": 1.0,
      "grasp_attached_rate": 0.7799999999999999,
      "cube_fallen_rate": 0.0,
      "cube_lifted_rate": 0.7799999999999999,
      "mean_cube_dz": 0.08473276033805333,
      "mean_ee_cube_dist": 0.021900723818798457,
      "mean_forced_wp_advances": 15.296666666666667,
      "phase_distribution": {
        "pre_grasp": 0,
        "grasp_descend": 66,
        "lift": 234
      }
    },
    "planner_only": {
      "success_rate": 0.4333333333333333,
      "success_ci_lo": 0.41500000000000004,
      "success_ci_hi": 0.45499999999999996,
      "success_min": 0.39,
      "success_max": 0.47,
      "success_std": 0.04041451884327378,
      "mean_reward": 156.9701077766189,
      "mean_residual": 0.0,
      "mean_steps": 869.94,
      "num_episodes": 300,
      "n_seeds": 3,
      "per_seed_success_rate": [
        0.47,
        0.44,
        0.39
      ],
      "per_seed_mean_reward": [
        163.5192868060319,
        157.51889894445142,
        149.87213757937346
      ],
      "grasp_attempted_rate": 1.0,
      "grasp_attached_rate": 0.4333333333333333,
      "cube_fallen_rate": 0.0,
      "cube_lifted_rate": 0.4333333333333333,
      "mean_cube_dz": 0.059809112457312595,
      "mean_ee_cube_dist": 0.03127897535765484,
      "mean_forced_wp_advances": 0.03,
      "phase_distribution": {
        "pre_grasp": 0,
        "grasp_descend": 170,
        "lift": 130
      }
    }
  },
  "perturb_0.060": {
    "hybrid": {
      "success_rate": 0.7999999999999999,
      "success_ci_lo": 0.765,
      "success_ci_hi": 0.86,
      "success_min": 0.68,
      "success_max": 0.87,
      "success_std": 0.10440306508910546,
      "mean_reward": 116.97546052187727,
      "mean_residual": 0.030082127687315236,
      "mean_steps": 2524.2533333333336,
      "num_episodes": 300,
      "n_seeds": 3,
      "per_seed_success_rate": [
        0.85,
        0.68,
        0.87
      ],
      "per_seed_mean_reward": [
        130.1208556982102,
        92.26781087546632,
        128.53771499195528
      ],
      "grasp_attempted_rate": 1.0,
      "grasp_attached_rate": 0.7999999999999999,
      "cube_fallen_rate": 0.0,
      "cube_lifted_rate": 0.7999999999999999,
      "mean_cube_dz": 0.08573868484430915,
      "mean_ee_cube_dist": 0.020683380310009634,
      "mean_forced_wp_advances": 16.743333333333336,
      "phase_distribution": {
        "pre_grasp": 0,
        "grasp_descend": 60,
        "lift": 240
      }
    },
    "planner_only": {
      "success_rate": 0.30000000000000004,
      "success_ci_lo": 0.28500000000000003,
      "success_ci_hi": 0.31,
      "success_min": 0.28,
      "success_max": 0.33,
      "success_std": 0.02645751311064591,
      "mean_reward": 123.86057114332242,
      "mean_residual": 0.0,
      "mean_steps": 871.91,
      "num_episodes": 300,
      "n_seeds": 3,
      "per_seed_success_rate": [
        0.28,
        0.33,
        0.29
      ],
      "per_seed_mean_reward": [
        119.99252623594074,
        132.15284841851923,
        119.43633877550728
      ],
      "grasp_attempted_rate": 1.0,
      "grasp_attached_rate": 0.30000000000000004,
      "cube_fallen_rate": 0.0,
      "cube_lifted_rate": 0.30000000000000004,
      "mean_cube_dz": 0.049150252814764574,
      "mean_ee_cube_dist": 0.04299561006080427,
      "mean_forced_wp_advances": 0.08666666666666667,