{
  "episode": 5,
  "mode": "hybrid",
  "success": true,
  "cube_fallen": false,
  "truncated": false,
  "steps": 2169,
  "max_phase": 2,
  "end_phase": 2,
  "forced_wp_advances": 9,
  "grasp_attempted": true,
  "grasp_attached": true,
  "grasp_debug_at_close": {
    "ee_to_cube_dist": 0.020826357854556898,
    "min_finger_to_cube_dist": 0.02978037237116518,
    "total_contacts": 3,
    "finger_contacts": 2,
    "dist_ok": true,
    "finger_dist_ok": true,
    "total_contact_ok": true,
    "finger_contact_ok": true,
    "left_finger_pos": [
      0.7931002378463745,
      0.015845589339733124,
      0.15618115663528442
    ],
    "right_finger_pos": [
      0.7403057217597961,
      0.019811924546957016,
      0.1592162400484085
    ],
    "ready": true
  },
  "perturb_offset": [
    0.07088821459276085,
    0.0018119705192679923,
    -0.003389853884156163
  ]
}