iteration,avg_reward
1,-30.31066777498624
2,-27.748006013878893
3,-37.58510312902286
4,-33.01026178216971
5,-36.48484916628041
