{
  "perturb_0.000": {
    "planner_only": {
      "success_rate": 1.0,
      "success_ci_lo": 0.9630051925239981,
      "success_ci_hi": 0.9999999999999999,
      "mean_reward": 275.23890098516307,
      "std_reward": 5.684341886080802e-14,
      "mean_steps": 888.0,
      "mean_residual": 0.0,
      "num_episodes": 100,
      "phase_distribution": {
        "pre_grasp": 0,
        "grasp_descend": 0,
        "lift": 100
      },
      "grasp_attempted_rate": 1.0,
      "grasp_attached_rate": 1.0,
      "cube_fallen_rate": 0.0,
      "cube_lifted_rate": 1.0,
      "mean_cube_dz": 0.10060038936794237,
      "mean_ee_cube_dist": 0.019933393876519403,
      "mean_forced_wp_advances": 0.0
    },
    "hybrid": {
      "success_rate": 0.82,
      "success_ci_lo": 0.7333246397578691,
      "success_ci_hi": 0.8829986834574896,
      "mean_reward": 135.10204946352428,
      "std_reward": 78.93605927323335,
      "mean_steps": 2309.27,
      "mean_residual": 0.028762108222465624,
      "num_episodes": 100,
      "phase_distribution": {
        "pre_grasp": 0,
        "grasp_descend": 18,
        "lift": 82
      },
      "grasp_attempted_rate": 1.0,
      "grasp_attached_rate": 0.82,
      "cube_fallen_rate": 0.0,
      "cube_lifted_rate": 0.82,
      "mean_cube_dz": 0.0877425480298725,
      "mean_ee_cube_dist": 0.025044648202325104,
      "mean_forced_wp_advances": 14.44
    }
  },
  "perturb_0.020": {
    "planner_only": {
      "success_rate": 0.53,
      "success_ci_lo": 0.4328868313724773,
      "success_ci_hi": 0.6248934801789626,
      "mean_reward": 179.1526891089777,
      "std_reward": 99.88955557856048,
      "mean_steps": 858.04,
      "mean_residual": 0.0,
      "num_episodes": 100,
      "phase_distribution": {
        "pre_grasp": 0,
        "grasp_descend": 47,
        "lift": 53
      },
      "grasp_attempted_rate": 1.0,
      "grasp_attached_rate": 0.53,
      "cube_fallen_rate": 0.0,
      "cube_lifted_rate": 0.53,
      "mean_cube_dz": 0.0662876932263933,
      "mean_ee_cube_dist": 0.02869521393047073,
      "mean_forced_wp_advances": 0.0
    },
    "hybrid": {
      "success_rate": 0.64,
      "success_ci_lo": 0.542352199811621,
      "success_ci_hi": 0.7272892540950986,
      "mean_reward": 98.0176490899248,
      "std_reward": 99.32653600062869,
      "mean_steps": 2318.57,
      "mean_residual": 0.029105946573929745,
      "num_episodes": 100,
      "phase_distribution": {
        "pre_grasp": 0,
        "grasp_descend": 36,
        "lift": 64
      },
      "grasp_attempted_rate": 1.0,
      "grasp_attached_rate": 0.64,
      "cube_fallen_rate": 0.0,
      "cube_lifted_rate": 0.64,
      "mean_cube_dz": 0.07381897350045973,
      "mean_ee_cube_dist": 0.024994477822059852,
      "mean_forced_wp_advances": 14.88
    }
  },
  "perturb_0.040": {
    "planner_only": {
      "success_rate": 0.39,
      "success_ci_lo": 0.300167219319702,
      "success_ci_hi": 0.48797163832501844,
      "mean_reward": 149.8988745507014,
      "std_reward": 97.02474842145692,
      "mean_steps": 870.2,
      "mean_residual": 0.0,
      "num_episodes": 100,
      "phase_distribution": {
        "pre_grasp": 0,
        "grasp_descend": 61,
        "lift": 39
      },
      "grasp_attempted_rate": 1.0,
      "grasp_attached_rate": 0.39,
      "cube_fallen_rate": 0.0,
      "cube_lifted_rate": 0.39,
      "mean_cube_dz": 0.05598922396502728,
      "mean_ee_cube_dist": 0.03195096154959098,
      "mean_forced_wp_advances": 0.06
    },
    "hybrid": {
      "success_rate": 0.84,
      "success_ci_lo": 0.7557955544110557,
      "success_ci_hi": 0.8990479765052628,
      "mean_reward": 129.46773344469582,
      "std_reward": 72.06990583898725,
      "mean_steps": 2497.58,
      "mean_residual": 0.029275128635890026,
      "num_episodes": 100,
      "phase_distribution": {
        "pre_grasp": 0,
        "grasp_descend": 16,
        "lift": 84
      },
      "grasp_attempted_rate": 1.0,
      "grasp_attached_rate": 0.84,
      "cube_fallen_rate": 0.0,
      "cube_lifted_rate": 0.84,
      "mean_cube_dz": 0.08880253916691594,
      "mean_ee_cube_dist": 0.019809488660499076,
      "mean_forced_wp_advances": 16.54
    }
  },
  "perturb_0.060": {
    "planner_only": {
      "success_rate": 0.37,
      "success_ci_lo": 0.28182212569509163,
      "success_ci_hi": 0.46779652424866885,
      "mean_reward": 137.24113804684654,
      "std_reward": 96.87380948954728,
      "mean_steps": 882.24,
      "mean_residual": 0.0,
      "num_episodes": 100,
      "phase_distribution": {
        "pre_grasp": 0,
        "grasp_descend": 63,
        "lift": 37
      },
      "grasp_attempted_rate": 1.0,
      "grasp_attached_rate": 0.37,
      "cube_fallen_rate": 0.0,
      "cube_lifted_rate": 0.37,
      "mean_cube_dz": 0.05434091183957075,
      "mean_ee_cube_dist": 0.039397204437613416,
      "mean_forced_wp_advances": 0.14
    },
    "hybrid": {
      "success_rate": 0.78,
      "success_ci_lo": 0.6892946528499969,
      "success_ci_hi": 0.849988254963442,
      "mean_reward": 109.77737530532944,
      "std_reward": 85.58879898475729,
      "mean_steps": 2586.45,
      "mean_residual": 0.02989599440997531,
      "num_episodes": 100,
      "phase_distribution": {
        "pre_grasp": 0,
        "grasp_descend": 22,
        "lift": 78
      },
      "grasp_attempted_rate": 1.0,
      "grasp_attached_rate": 0.78,
      "cube_fallen_rate": 0.0,
      "cube_lifted_rate": 0.78,
      "mean_cube_dz": 0.08402128974929124,
      "mean_ee_cube_dist": 0.020548104772816277,
      "mean_forced_wp_advances": 17.75
    }
  },
  "perturb_0.080": {
    "planner_only": {
      "success_rate": 0.37,
      "success_ci_lo": 0.28182212569509163,
      "success_ci_hi": 0.46779652424866885,
      "mean_reward": 135.57410549643643,
      "std_reward": 96.06744599023556,
      "mean_steps": 878.13,
      "mean_residual": 0.0,
      "num_episodes": 100,
      "phase_distribution": {
        "pre_grasp": 0,
        "grasp_descend": 63,
        "lift": 37
      },
      "grasp_attempted_rate": 1.0,
      "grasp_attached_rate": 0.37,
      "cube_fallen_rate": 0.0,
      "cube_lifted_rate": 0.37,
      "mean_cube_dz": 0.0537180373927723,
      "mean_ee_cube_dist": 0.03455634590387135,
      "mean_forced_wp_advances": 0.07
    },
    "hybrid": {
      "success_rate": 0.6,
      "success_ci_lo": 0.5020007846184025,
      "success_ci_hi": 0.6906002538863971,
      "mean_reward": 69.8207273094955,
      "std_reward": 97.92422375045912,
      "mean_steps": 2619.59,
      "mean_residual": 0.030812149234574523,
      "num_episodes": 100,
      "phase_distribution": {
        "pre_grasp": 0,
        "grasp_descend": 40,
        "lift": 60
      },
      "grasp_attempted_rate": 1.0,
      "grasp_attached_rate": 0.6,
      "cube_fallen_rate": 0.0,
      "cube_lifted_rate": 0.6,
      "mean_cube_dz": 0.07050514015666638,
      "mean_ee_cube_dist": 0.023746321246010213,
      "mean_forced_wp_advances": 18.11
    }
  },
  "perturb_0.100": {
    "planner_only": {
      "success_rate": 0.24,
      "success_ci_lo": 0.16691211265459965,
      "success_ci_hi": 0.3323251872329213,
      "mean_reward": 109.32712165925852,
      "std_reward": 86.48321492334512,
      "mean_steps": 865.14,
      "mean_residual": 0.0,
      "num_episodes": 100,
      "phase_distribution": {
        "pre_grasp": 0,
        "grasp_descend": 76,
        "lift": 24
      },
      "grasp_attempted_rate": 1.0,
      "grasp_attached_rate": 0.24,
      "cube_fallen_rate": 0.0,
      "cube_lifted_rate": 0.24,
      "mean_cube_dz": 0.044069642683482256,
      "mean_ee_cube_dist": 0.051893655545038275,
      "mean_forced_wp_advances": 0.04
    },
    "hybrid": {
      "success_rate": 0.6,
      "success_ci_lo": 0.5020007846184025,
      "success_ci_hi": 0.6906002538863971,
      "mean_reward": 64.67183492603218,
      "std_reward": 99.54674893062807,
      "mean_steps": 2652.21,
      "mean_residual": 0.03152516596737145,
      "num_episodes": 100,