{
  "perturb_0.000": {
    "planner_only": {
      "success_rate": 1.0,
      "success_ci_lo": 0.9630051925239981,
      "success_ci_hi": 0.9999999999999999,
      "mean_reward": 275.23890098516307,
      "std_reward": 5.684341886080802e-14,
      "mean_steps": 888.0,
      "mean_residual": 0.0,
      "num_episodes": 100,
      "phase_distribution": {
        "pre_grasp": 0,
        "grasp_descend": 0,
        "lift": 100
      },
      "grasp_attempted_rate": 1.0,
      "grasp_attached_rate": 1.0,
      "cube_fallen_rate": 0.0,
      "cube_lifted_rate": 1.0,
      "mean_cube_dz": 0.10060038936794237,
      "mean_ee_cube_dist": 0.019933393876519403,
      "mean_forced_wp_advances": 0.0
    },
    "hybrid": {
      "success_rate": 0.78,
      "success_ci_lo": 0.6892946528499969,
      "success_ci_hi": 0.849988254963442,
      "mean_reward": 157.44253912843556,
      "std_reward": 83.28651222280425,
      "mean_steps": 1615.8,
      "mean_residual": 0.049580630755760344,
      "num_episodes": 100,
      "phase_distribution": {
        "pre_grasp": 0,
        "grasp_descend": 22,
        "lift": 78
      },
      "grasp_attempted_rate": 1.0,
      "grasp_attached_rate": 0.78,
      "cube_fallen_rate": 0.0,
      "cube_lifted_rate": 0.78,
      "mean_cube_dz": 0.08443843328369105,
      "mean_ee_cube_dist": 0.02126487181047075,
      "mean_forced_wp_advances": 9.82
    },
    "rl_only": {
      "success_rate": 0.0,
      "success_ci_lo": 0.0,
      "success_ci_hi": 0.03699480747600191,
      "mean_reward": -28.80037242285193,
      "std_reward": 6.438400376287604,
      "mean_steps": 2015.27,
      "mean_residual": 0.0,
      "num_episodes": 100,
      "phase_distribution": {
        "pre_grasp": 0,
        "grasp_descend": 98,
        "lift": 2
      },
      "grasp_attempted_rate": 1.0,
      "grasp_attached_rate": 0.02,
      "cube_fallen_rate": 0.0,
      "cube_lifted_rate": 0.0,
      "mean_cube_dz": 0.024651523201114543,
      "mean_ee_cube_dist": 0.09448173089866577,
      "mean_forced_wp_advances": 20.07
    }
  },
  "perturb_0.020": {
    "planner_only": {
      "success_rate": 0.53,
      "success_ci_lo": 0.4328868313724773,
      "success_ci_hi": 0.6248934801789626,
      "mean_reward": 178.54254493343316,
      "std_reward": 100.58460693364934,
      "mean_steps": 857.55,
      "mean_residual": 0.0,
      "num_episodes": 100,
      "phase_distribution": {
        "pre_grasp": 0,
        "grasp_descend": 47,
        "lift": 53
      },
      "grasp_attempted_rate": 1.0,
      "grasp_attached_rate": 0.53,
      "cube_fallen_rate": 0.0,
      "cube_lifted_rate": 0.53,
      "mean_cube_dz": 0.06575350108246941,
      "mean_ee_cube_dist": 0.024178222436647644,
      "mean_forced_wp_advances": 0.0
    },
    "hybrid": {
      "success_rate": 0.73,
      "success_ci_lo": 0.6356769977376873,
      "success_ci_hi": 0.8073053908233518,
      "mean_reward": 146.77678861827354,
      "std_reward": 87.30308904543874,
      "mean_steps": 1627.72,
      "mean_residual": 0.05009037720002319,
      "num_episodes": 100,
      "phase_distribution": {
        "pre_grasp": 0,
        "grasp_descend": 27,
        "lift": 73
      },
      "grasp_attempted_rate": 1.0,
      "grasp_attached_rate": 0.73,
      "cube_fallen_rate": 0.0,
      "cube_lifted_rate": 0.73,
      "mean_cube_dz": 0.0802781069036,
      "mean_ee_cube_dist": 0.020577878787046998,
      "mean_forced_wp_advances": 10.22
    },
    "rl_only": {
      "success_rate": 0.0,
      "success_ci_lo": 0.0,
      "success_ci_hi": 0.03699480747600191,
      "mean_reward": -29.927079672436708,
      "std_reward": 13.698859341549264,
      "mean_steps": 2029.93,
      "mean_residual": 0.0,
      "num_episodes": 100,
      "phase_distribution": {
        "pre_grasp": 0,
        "grasp_descend": 98,
        "lift": 2
      },
      "grasp_attempted_rate": 1.0,
      "grasp_attached_rate": 0.02,
      "cube_fallen_rate": 0.0,
      "cube_lifted_rate": 0.0,
      "mean_cube_dz": 0.025302286361272387,
      "mean_ee_cube_dist": 0.11350395569171164,
      "mean_forced_wp_advances": 20.22
    }
  },
  "perturb_0.040": {
    "planner_only": {
      "success_rate": 0.44,
      "success_ci_lo": 0.34671865400968327,
      "success_ci_hi": 0.537720722887437,
      "mean_reward": 158.96600784805693,
      "std_reward": 95.77253365085528,
      "mean_steps": 870.65,
      "mean_residual": 0.0,
      "num_episodes": 100,
      "phase_distribution": {
        "pre_grasp": 0,
        "grasp_descend": 56,
        "lift": 44
      },
      "grasp_attempted_rate": 1.0,
      "grasp_attached_rate": 0.44,
      "cube_fallen_rate": 0.0,
      "cube_lifted_rate": 0.44,
      "mean_cube_dz": 0.06013470578644803,
      "mean_ee_cube_dist": 0.029742421706625697,
      "mean_forced_wp_advances": 0.02
    },
    "hybrid": {
      "success_rate": 0.78,
      "success_ci_lo": 0.6892946528499969,
      "success_ci_hi": 0.849988254963442,
      "mean_reward": 157.14567506140264,
      "std_reward": 84.36757028240682,
      "mean_steps": 1624.48,
      "mean_residual": 0.05063886992406319,
      "num_episodes": 100,
      "phase_distribution": {
        "pre_grasp": 0,
        "grasp_descend": 22,
        "lift": 78
      },
      "grasp_attempted_rate": 1.0,
      "grasp_attached_rate": 0.78,
      "cube_fallen_rate": 0.0,
      "cube_lifted_rate": 0.78,
      "mean_cube_dz": 0.08412294336508008,
      "mean_ee_cube_dist": 0.019913145188714267,
      "mean_forced_wp_advances": 9.94
    },
    "rl_only": {
      "success_rate": 0.0,
      "success_ci_lo": 0.0,
      "success_ci_hi": 0.03699480747600191,
      "mean_reward": -27.935359923925557,
      "std_reward": 7.166189805037146,
      "mean_steps": 1971.12,
      "mean_residual": 0.0,
      "num_episodes": 100,
      "phase_distribution": {
        "pre_grasp": 0,
        "grasp_descend": 100,
        "lift": 0
      },
      "grasp_attempted_rate": 1.0,
      "grasp_attached_rate": 0.0,
      "cube_fallen_rate": 0.0,
      "cube_lifted_rate": 0.0,
      "mean_cube_dz": 0.024665592084389766,
      "mean_ee_cube_dist": 0.10666207585138528,
      "mean_forced_wp_advances": 19.65
    }
  },
  "perturb_0.060": {
    "planner_only": {
      "success_rate": 0.4,
      "success_ci_lo": 0.3093997461136028,
      "success_ci_hi": 0.4979992153815976,
      "mean_reward": 145.87038179536503,
      "std_reward": 95.87640740972284,
      "mean_steps": 882.34,
      "mean_residual": 0.0,
      "num_episodes": 100,
      "phase_distribution": {
        "pre_grasp": 0,
        "grasp_descend": 60,
        "lift": 40
      },
      "grasp_attempted_rate": 1.0,
      "grasp_attached_rate": 0.4,
      "cube_fallen_rate": 0.0,
      "cube_lifted_rate": 0.4,
      "mean_cube_dz": 0.05657675158769801,
      "mean_ee_cube_dist": 0.03666670793827562,
      "mean_forced_wp_advances": 0.11
    },
    "hybrid": {
      "success_rate": 0.83,
      "success_ci_lo": 0.7445181876635703,
      "success_ci_hi": 0.8910652394022684,
      "mean_reward": 163.20817874365156,
      "std_reward": 73.66377807214624,
      "mean_steps": 1679.75,
      "mean_residual": 0.05003060523825004,
      "num_episodes": 100,
      "phase_distribution": {
        "pre_grasp": 0,
        "grasp_descend": 17,
        "lift": 83
      },
      "grasp_attempted_rate": 1.0,
      "grasp_attached_rate": 0.83,
      "cube_fallen_rate": 0.0,
      "cube_lifted_rate": 0.83,
      "mean_cube_dz": 0.08798630863311505,
      "mean_ee_cube_dist": 0.017723158563177004,
      "mean_forced_wp_advances": 10.47
    },
    "rl_only": {
      "success_rate": 0.0,
      "success_ci_lo": 0.0,
      "success_ci_hi": 0.03699480747600191,
      "mean_reward": -28.43812925530598,
      "std_reward": 9.810003311950958,
      "mean_steps": 2035.43,
      "mean_residual": 0.0,
      "num_episodes": 100,
      "phase_distribution": {
        "pre_grasp": 0,
        "grasp_descend": 97,
        "lift": 3
      },
      "grasp_attempted_rate": 1.0,