{
  "perturb_0.060": {
    "planner_only": {
      "success_rate": 0.7,
      "mean_reward": 123.98086676785026,
      "std_reward": 49.79877336040499,
      "mean_steps": 1205.62,
      "mean_residual": 0.0,
      "num_episodes": 50
    },
    "hybrid": {
      "success_rate": 0.0,
      "mean_reward": -23.447155359644253,
      "std_reward": 7.781300666977278,
      "mean_steps": 2000.0,
      "mean_residual": 0.010873630861567585,
      "num_episodes": 50
    }
  },
  "perturb_0.080": {
    "planner_only": {
      "success_rate": 0.68,
      "mean_reward": 119.95668436803666,
      "std_reward": 53.78121814527259,
      "mean_steps": 1201.06,
      "mean_residual": 0.0,
      "num_episodes": 50
    },
    "hybrid": {
      "success_rate": 0.0,
      "mean_reward": -20.332366111676613,
      "std_reward": 7.7214176593924275,
      "mean_steps": 2000.0,
      "mean_residual": 0.009517107371023494,
      "num_episodes": 50
    }
  },
  "perturb_0.100": {
    "planner_only": {
      "success_rate": 0.58,
      "mean_reward": 99.9248132000636,
      "std_reward": 67.49396505124538,
      "mean_steps": 1188.22,
      "mean_residual": 0.0,
      "num_episodes": 50
    },
    "hybrid": {
      "success_rate": 0.0,
      "mean_reward": -22.36293975478303,
      "std_reward": 8.246846375316405,
      "mean_steps": 2000.0,
      "mean_residual": 0.010396787191883186,
      "num_episodes": 50
    }
  },
  "perturb_0.120": {
    "planner_only": {
      "success_rate": 0.54,
      "mean_reward": 98.88695194625784,
      "std_reward": 63.98397953223965,
      "mean_steps": 1174.82,
      "mean_residual": 0.0,
      "num_episodes": 50
    },
    "hybrid": {
      "success_rate": 0.0,
      "mean_reward": -21.235990079536364,
      "std_reward": 7.98732648547637,
      "mean_steps": 2000.0,
      "mean_residual": 0.009909466444971227,
      "num_episodes": 50
    }
  }
}