{
  "perturb_0.000": {
    "planner_only": {
      "success_rate": 1.0,
      "mean_reward": 280.0184387926242,
      "std_reward": 0.0,
      "mean_steps": 1245.0,
      "mean_residual": 0.0,
      "num_episodes": 50
    },
    "hybrid": {
      "success_rate": 1.0,
      "mean_reward": 383.1755633141349,
      "std_reward": 5.684341886080802e-14,
      "mean_steps": 1265.0,
      "mean_residual": 0.007389133048599379,
      "num_episodes": 50
    },
    "rl_only": {
      "success_rate": 0.0,
      "mean_reward": -18.262041165610142,
      "std_reward": 3.552713678800501e-15,
      "mean_steps": 2000.0,
      "mean_residual": 0.008703169358201453,
      "num_episodes": 50
    }
  },
  "perturb_0.020": {
    "planner_only": {
      "success_rate": 0.38,
      "mean_reward": 177.17561949390085,
      "std_reward": 76.40340805003335,
      "mean_steps": 1147.7,
      "mean_residual": 0.0,
      "num_episodes": 50
    },
    "hybrid": {
      "success_rate": 0.78,
      "mean_reward": 415.5643987875738,
      "std_reward": 104.1324554860554,
      "mean_steps": 1368.36,
      "mean_residual": 0.007674291503897934,
      "num_episodes": 50
    },
    "rl_only": {
      "success_rate": 0.0,
      "mean_reward": -18.314288853498272,
      "std_reward": 0.10879415109218579,
      "mean_steps": 2000.0,
      "mean_residual": 0.008730151544641889,
      "num_episodes": 50
    }
  },
  "perturb_0.040": {
    "planner_only": {
      "success_rate": 0.1,
      "mean_reward": 117.39210864234157,
      "std_reward": 61.540799229354526,
      "mean_steps": 1109.36,
      "mean_residual": 0.0,
      "num_episodes": 50
    },
    "hybrid": {
      "success_rate": 0.2,
      "mean_reward": 301.22312290802256,
      "std_reward": 134.53798714590545,
      "mean_steps": 1276.52,
      "mean_residual": 0.007398168522613362,
      "num_episodes": 50
    },
    "rl_only": {
      "success_rate": 0.0,
      "mean_reward": -18.28871791288844,
      "std_reward": 0.21273501256069413,
      "mean_steps": 2000.0,
      "mean_residual": 0.008718352291592174,
      "num_episodes": 50
    }
  },
  "perturb_0.060": {
    "planner_only": {
      "success_rate": 0.02,
      "mean_reward": 86.49108108045473,
      "std_reward": 47.65194232196432,
      "mean_steps": 1104.44,
      "mean_residual": 0.0,
      "num_episodes": 50
    },
    "hybrid": {
      "success_rate": 0.1,
      "mean_reward": 241.80482824928364,
      "std_reward": 135.33547930632093,
      "mean_steps": 1300.18,
      "mean_residual": 0.007490151017142256,
      "num_episodes": 50
    },
    "rl_only": {
      "success_rate": 0.0,
      "mean_reward": -18.297524394693713,
      "std_reward": 0.34722108640622584,
      "mean_steps": 2000.0,
      "mean_residual": 0.008715434437481932,
      "num_episodes": 50
    }
  },
  "perturb_0.080": {
    "planner_only": {
      "success_rate": 0.02,
      "mean_reward": 58.1058758474571,
      "std_reward": 42.87955662591396,
      "mean_steps": 1104.84,
      "mean_residual": 0.0,
      "num_episodes": 50
    },
    "hybrid": {
      "success_rate": 0.06,
      "mean_reward": 161.48324038800237,
      "std_reward": 135.2416130383662,
      "mean_steps": 1287.78,
      "mean_residual": 0.007405011007740016,
      "num_episodes": 50
    },
    "rl_only": {
      "success_rate": 0.0,
      "mean_reward": -18.350735841903415,
      "std_reward": 0.3386412535304101,
      "mean_steps": 2000.0,
      "mean_residual": 0.008745691431198929,
      "num_episodes": 50
    }
  },
  "perturb_0.100": {
    "planner_only": {
      "success_rate": 0.0,
      "mean_reward": 29.53667929718401,
      "std_reward": 38.250949310261184,
      "mean_steps": 1094.5,
      "mean_residual": 0.0,
      "num_episodes": 50
    },
    "hybrid": {
      "success_rate": 0.0,
      "mean_reward": 99.36704468053799,
      "std_reward": 135.77171850539264,
      "mean_steps": 1299.52,
      "mean_residual": 0.007442164694055019,
      "num_episodes": 50
    },
    "rl_only": {
      "success_rate": 0.0,
      "mean_reward": -18.473128421757966,
      "std_reward": 0.36269099189821646,
      "mean_steps": 2000.0,
      "mean_residual": 0.008820364449119744,
      "num_episodes": 50
    }
  },
  "perturb_0.120": {
    "planner_only": {
      "success_rate": 0.04,
      "mean_reward": 47.573903115546045,
      "std_reward": 58.647379916150555,
      "mean_steps": 1099.5,
      "mean_residual": 0.0,
      "num_episodes": 50
    },
    "hybrid": {
      "success_rate": 0.02,
      "mean_reward": 96.59254118195663,
      "std_reward": 133.1878698424086,
      "mean_steps": 1302.1,
      "mean_residual": 0.007563539293094443,
      "num_episodes": 50
    },
    "rl_only": {
      "success_rate": 0.0,
      "mean_reward": -18.44276002348758,
      "std_reward": 0.46289424484703323,
      "mean_steps": 2000.0,
      "mean_residual": 0.008794644445244361,
      "num_episodes": 50
    }
  }
}