{
  "perturb_0.000": {
    "planner_only": {
      "success_rate": 0.0,
      "mean_reward": 248.88863294307546,
      "std_reward": 2.842170943040401e-14,
      "mean_steps": 1092.0,
      "mean_residual": 0.0,
      "num_episodes": 50
    },
    "hybrid": {
      "success_rate": 0.0,
      "mean_reward": 116.80701800251296,
      "std_reward": 1.4210854715202004e-14,
      "mean_steps": 1828.0,
      "mean_residual": 0.0028648858836960965,
      "num_episodes": 50
    },
    "rl_only": {
      "success_rate": 0.0,
      "mean_reward": 4.9437192970663695,
      "std_reward": 8.881784197001252e-16,
      "mean_steps": 2000.0,
      "mean_residual": 0.0,
      "num_episodes": 50
    }
  },
  "perturb_0.020": {
    "planner_only": {
      "success_rate": 0.0,
      "mean_reward": 235.49719668165827,
      "std_reward": 9.623592021835353,
      "mean_steps": 1091.08,
      "mean_residual": 0.0,
      "num_episodes": 50
    },
    "hybrid": {
      "success_rate": 0.0,
      "mean_reward": 147.45116154057612,
      "std_reward": 93.20205510971405,
      "mean_steps": 1873.66,
      "mean_residual": 0.002907520332011207,
      "num_episodes": 50
    },
    "rl_only": {
      "success_rate": 0.0,
      "mean_reward": 4.857349328840709,
      "std_reward": 0.2341526972831435,
      "mean_steps": 2000.0,
      "mean_residual": 0.0,
      "num_episodes": 50
    }
  },
  "perturb_0.040": {
    "planner_only": {
      "success_rate": 0.0,
      "mean_reward": 223.4851141898447,
      "std_reward": 66.42851141997143,
      "mean_steps": 1098.58,
      "mean_residual": 0.0,
      "num_episodes": 50
    },
    "hybrid": {
      "success_rate": 0.0,
      "mean_reward": 193.36234029654057,
      "std_reward": 124.02569063914655,
      "mean_steps": 1906.06,
      "mean_residual": 0.0029778116654008207,
      "num_episodes": 50
    },
    "rl_only": {
      "success_rate": 0.0,
      "mean_reward": 4.83133389140689,
      "std_reward": 0.311332913351311,
      "mean_steps": 2000.0,
      "mean_residual": 0.0,
      "num_episodes": 50
    }
  },
  "perturb_0.060": {
    "planner_only": {
      "success_rate": 0.0,
      "mean_reward": 170.6482571026727,
      "std_reward": 39.239510329446155,
      "mean_steps": 1089.8,
      "mean_residual": 0.0,
      "num_episodes": 50
    },
    "hybrid": {
      "success_rate": 0.0,
      "mean_reward": 156.55705378830527,
      "std_reward": 126.37990034496822,
      "mean_steps": 1895.12,
      "mean_residual": 0.002979737516533769,
      "num_episodes": 50
    },
    "rl_only": {
      "success_rate": 0.0,
      "mean_reward": 4.846956521062772,
      "std_reward": 0.6353921324990146,
      "mean_steps": 2000.0,
      "mean_residual": 0.0,
      "num_episodes": 50
    }
  },
  "perturb_0.080": {
    "planner_only": {
      "success_rate": 0.0,
      "mean_reward": 128.0503836757938,
      "std_reward": 70.95210584772414,
      "mean_steps": 1093.3,
      "mean_residual": 0.0,
      "num_episodes": 50
    },
    "hybrid": {
      "success_rate": 0.0,
      "mean_reward": 111.03060187854442,
      "std_reward": 116.8251731783927,
      "mean_steps": 1880.94,
      "mean_residual": 0.0029345577262703086,
      "num_episodes": 50
    },
    "rl_only": {
      "success_rate": 0.0,
      "mean_reward": 4.894948525865359,
      "std_reward": 0.8321494124636878,
      "mean_steps": 2000.0,
      "mean_residual": 0.0,
      "num_episodes": 50
    }
  },
  "perturb_0.100": {
    "planner_only": {
      "success_rate": 0.0,
      "mean_reward": 98.0223355719767,
      "std_reward": 77.90782463684575,
      "mean_steps": 1097.08,
      "mean_residual": 0.0,
      "num_episodes": 50
    },
    "hybrid": {
      "success_rate": 0.0,
      "mean_reward": 70.75540125277412,
      "std_reward": 76.02204849530139,
      "mean_steps": 1875.04,
      "mean_residual": 0.0029166244310065564,
      "num_episodes": 50
    },
    "rl_only": {
      "success_rate": 0.0,
      "mean_reward": 4.860658276055958,
      "std_reward": 0.9460279424327778,
      "mean_steps": 2000.0,
      "mean_residual": 0.0,
      "num_episodes": 50
    }
  },
  "perturb_0.120": {
    "planner_only": {
      "success_rate": 0.0,
      "mean_reward": 64.74748991556396,
      "std_reward": 101.84788560898036,
      "mean_steps": 1099.32,
      "mean_residual": 0.0,
      "num_episodes": 50
    },
    "hybrid": {
      "success_rate": 0.0,
      "mean_reward": 39.37648953617209,
      "std_reward": 56.83176376035291,
      "mean_steps": 1766.6,
      "mean_residual": 0.0028773615165176587,
      "num_episodes": 50
    },
    "rl_only": {
      "success_rate": 0.0,
      "mean_reward": 4.741981565834999,
      "std_reward": 1.115413285962196,
      "mean_steps": 2000.0,
      "mean_residual": 0.0,
      "num_episodes": 50
    }
  }
}