{
  "perturb_0.000": {
    "planner_only": {
      "success_rate": 1.0,
      "success_ci_lo": 0.9630051925239981,
      "success_ci_hi": 0.9999999999999999,
      "mean_reward": 295.26390098516316,
      "std_reward": 5.684341886080802e-14,
      "mean_steps": 888.0,
      "mean_residual": 0.0,
      "num_episodes": 100,
      "phase_distribution": {
        "pre_grasp": 0,
        "grasp_descend": 0,
        "lift": 100
      },
      "grasp_attempted_rate": 1.0,
      "grasp_attached_rate": 1.0,
      "cube_fallen_rate": 0.0,
      "cube_lifted_rate": 1.0,
      "mean_cube_dz": 0.10060038936794237,
      "mean_ee_cube_dist": 0.019933393876519403,
      "mean_forced_wp_advances": 0.0
    },
    "hybrid": {
      "success_rate": 0.78,
      "success_ci_lo": 0.6892946528499969,
      "success_ci_hi": 0.849988254963442,
      "mean_reward": 234.21223064942006,
      "std_reward": 82.5253892851669,
      "mean_steps": 1624.39,
      "mean_residual": 0.04960145019817321,
      "num_episodes": 100,
      "phase_distribution": {
        "pre_grasp": 0,
        "grasp_descend": 22,
        "lift": 78
      },
      "grasp_attempted_rate": 1.0,
      "grasp_attached_rate": 0.78,
      "cube_fallen_rate": 0.0,
      "cube_lifted_rate": 0.78,
      "mean_cube_dz": 0.08418101477706048,
      "mean_ee_cube_dist": 0.021755175041167422,
      "mean_forced_wp_advances": 9.92
    },
    "rl_only": {
      "success_rate": 0.0,
      "success_ci_lo": 0.0,
      "success_ci_hi": 0.03699480747600191,
      "mean_reward": 70.89994468470285,
      "std_reward": 6.515108987874563,
      "mean_steps": 2028.48,
      "mean_residual": 0.0,
      "num_episodes": 100,
      "phase_distribution": {
        "pre_grasp": 0,
        "grasp_descend": 97,
        "lift": 3
      },
      "grasp_attempted_rate": 1.0,
      "grasp_attached_rate": 0.03,
      "cube_fallen_rate": 0.0,
      "cube_lifted_rate": 0.0,
      "mean_cube_dz": 0.02410945330334575,
      "mean_ee_cube_dist": 0.11154125992507932,
      "mean_forced_wp_advances": 20.21
    }
  },
  "perturb_0.020": {
    "planner_only": {
      "success_rate": 0.46,
      "success_ci_lo": 0.36560643853331865,
      "success_ci_hi": 0.5573531460647615,
      "mean_reward": 185.39426291861773,
      "std_reward": 100.31493632525961,
      "mean_steps": 851.75,
      "mean_residual": 0.0,
      "num_episodes": 100,
      "phase_distribution": {
        "pre_grasp": 0,
        "grasp_descend": 54,
        "lift": 46
      },
      "grasp_attempted_rate": 1.0,
      "grasp_attached_rate": 0.46,
      "cube_fallen_rate": 0.0,
      "cube_lifted_rate": 0.46,
      "mean_cube_dz": 0.06072972309131569,
      "mean_ee_cube_dist": 0.02217343715204496,
      "mean_forced_wp_advances": 0.0
    },
    "hybrid": {
      "success_rate": 0.65,
      "success_ci_lo": 0.5525426042919797,
      "success_ci_hi": 0.7363589534652197,
      "mean_reward": 208.4034119658232,
      "std_reward": 93.83386724277857,
      "mean_steps": 1626.66,
      "mean_residual": 0.04967265502058879,
      "num_episodes": 100,
      "phase_distribution": {
        "pre_grasp": 0,
        "grasp_descend": 35,
        "lift": 65
      },
      "grasp_attempted_rate": 1.0,
      "grasp_attached_rate": 0.65,
      "cube_fallen_rate": 0.0,
      "cube_lifted_rate": 0.65,
      "mean_cube_dz": 0.07424546381679714,
      "mean_ee_cube_dist": 0.021431843418155908,
      "mean_forced_wp_advances": 10.14
    },
    "rl_only": {
      "success_rate": 0.0,
      "success_ci_lo": 0.0,
      "success_ci_hi": 0.03699480747600191,
      "mean_reward": 71.82242048650022,
      "std_reward": 6.907976668270743,
      "mean_steps": 2048.62,
      "mean_residual": 0.0,
      "num_episodes": 100,
      "phase_distribution": {
        "pre_grasp": 0,
        "grasp_descend": 96,
        "lift": 4
      },
      "grasp_attempted_rate": 1.0,
      "grasp_attached_rate": 0.04,
      "cube_fallen_rate": 0.0,
      "cube_lifted_rate": 0.0,
      "mean_cube_dz": 0.025455340226624476,
      "mean_ee_cube_dist": 0.09571690135323446,
      "mean_forced_wp_advances": 20.43
    }
  },
  "perturb_0.040": {
    "planner_only": {
      "success_rate": 0.45,
      "success_ci_lo": 0.3561437510640346,
      "success_ci_hi": 0.5475557296835656,
      "mean_reward": 181.05312567515168,
      "std_reward": 97.75865381568029,
      "mean_steps": 869.36,
      "mean_residual": 0.0,
      "num_episodes": 100,
      "phase_distribution": {
        "pre_grasp": 0,
        "grasp_descend": 55,
        "lift": 45
      },
      "grasp_attempted_rate": 1.0,
      "grasp_attached_rate": 0.45,
      "cube_fallen_rate": 0.0,
      "cube_lifted_rate": 0.45,
      "mean_cube_dz": 0.06115267732779271,
      "mean_ee_cube_dist": 0.027304038923031047,
      "mean_forced_wp_advances": 0.01
    },
    "hybrid": {
      "success_rate": 0.79,
      "success_ci_lo": 0.7001985069803768,
      "success_ci_hi": 0.8583445046835422,
      "mean_reward": 236.76632027798084,
      "std_reward": 80.32400975320914,
      "mean_steps": 1624.15,
      "mean_residual": 0.04934153256612677,
      "num_episodes": 100,
      "phase_distribution": {
        "pre_grasp": 0,
        "grasp_descend": 21,
        "lift": 79
      },
      "grasp_attempted_rate": 1.0,
      "grasp_attached_rate": 0.79,
      "cube_fallen_rate": 0.0,
      "cube_lifted_rate": 0.79,
      "mean_cube_dz": 0.08480666684567711,
      "mean_ee_cube_dist": 0.019591830928607647,
      "mean_forced_wp_advances": 9.89
    },
    "rl_only": {
      "success_rate": 0.0,
      "success_ci_lo": 0.0,
      "success_ci_hi": 0.03699480747600191,
      "mean_reward": 69.54665021185976,
      "std_reward": 7.633363547350335,
      "mean_steps": 2001.82,
      "mean_residual": 0.0,
      "num_episodes": 100,
      "phase_distribution": {
        "pre_grasp": 0,
        "grasp_descend": 99,
        "lift": 1
      },
      "grasp_attempted_rate": 1.0,
      "grasp_attached_rate": 0.01,
      "cube_fallen_rate": 0.0,
      "cube_lifted_rate": 0.0,
      "mean_cube_dz": 0.025298927692206208,
      "mean_ee_cube_dist": 0.09665760079549451,
      "mean_forced_wp_advances": 19.92
    }
  },
  "perturb_0.060": {
    "planner_only": {
      "success_rate": 0.29,
      "success_ci_lo": 0.21014706973984146,
      "success_ci_hi": 0.38539074940007934,
      "mean_reward": 142.89849845034442,
      "std_reward": 90.69793586105457,
      "mean_steps": 872.68,
      "mean_residual": 0.0,
      "num_episodes": 100,
      "phase_distribution": {
        "pre_grasp": 0,
        "grasp_descend": 71,
        "lift": 29
      },
      "grasp_attempted_rate": 1.0,
      "grasp_attached_rate": 0.29,
      "cube_fallen_rate": 0.0,
      "cube_lifted_rate": 0.29,
      "mean_cube_dz": 0.0485539833868496,
      "mean_ee_cube_dist": 0.036612322572574164,
      "mean_forced_wp_advances": 0.12
    },
    "hybrid": {
      "success_rate": 0.85,
      "success_ci_lo": 0.7671626666784216,
      "success_ci_hi": 0.906940968088377,
      "mean_reward": 247.9692730425763,
      "std_reward": 71.38405466843503,
      "mean_steps": 1673.03,
      "mean_residual": 0.04998053944000017,
      "num_episodes": 100,
      "phase_distribution": {
        "pre_grasp": 0,
        "grasp_descend": 15,
        "lift": 85
      },
      "grasp_attempted_rate": 1.0,
      "grasp_attached_rate": 0.85,
      "cube_fallen_rate": 0.0,
      "cube_lifted_rate": 0.85,
      "mean_cube_dz": 0.08916081227898223,
      "mean_ee_cube_dist": 0.018378194915073216,
      "mean_forced_wp_advances": 10.09
    },
    "rl_only": {
      "success_rate": 0.0,
      "success_ci_lo": 0.0,
      "success_ci_hi": 0.03699480747600191,
      "mean_reward": 70.96694417485506,
      "std_reward": 7.102069283135577,
      "mean_steps": 2005.16,
      "mean_residual": 0.0,
      "num_episodes": 100,
      "phase_distribution": {
        "pre_grasp": 0,
        "grasp_descend": 99,
        "lift": 1
      },
      "grasp_attempted_rate": 1.0,