{
  "perturb_0.000": {
    "planner_only": {
      "success_rate": 0.0,
      "success_ci_lo": 0.0,
      "success_ci_hi": 0.03699480747600191,
      "mean_reward": 85.1596639269883,
      "std_reward": 0.0,
      "mean_steps": 801.0,
      "mean_residual": 0.0,
      "num_episodes": 100,
      "phase_distribution": {
        "pre_grasp": 0,
        "grasp_descend": 100,
        "lift": 0
      },
      "grasp_attempted_rate": 1.0,
      "grasp_attached_rate": 0.0,
      "cube_fallen_rate": 0.0,
      "cube_lifted_rate": 0.0,
      "mean_cube_dz": 0.02405722620912348,
      "mean_ee_cube_dist": 0.02084289638305925,
      "mean_forced_wp_advances": 0.0
    },
    "hybrid": {
      "success_rate": 0.37,
      "success_ci_lo": 0.28182212569509163,
      "success_ci_hi": 0.46779652424866885,
      "mean_reward": 143.36372435420202,
      "std_reward": 90.56508046216112,
      "mean_steps": 1623.48,
      "mean_residual": 0.05071978185452657,
      "num_episodes": 100,
      "phase_distribution": {
        "pre_grasp": 0,
        "grasp_descend": 63,
        "lift": 37
      },
      "grasp_attempted_rate": 1.0,
      "grasp_attached_rate": 0.37,
      "cube_fallen_rate": 0.0,
      "cube_lifted_rate": 0.37,
      "mean_cube_dz": 0.053757097893325695,
      "mean_ee_cube_dist": 0.02361844364785935,
      "mean_forced_wp_advances": 10.44
    },
    "rl_only": {
      "success_rate": 0.0,
      "success_ci_lo": 0.0,
      "success_ci_hi": 0.03699480747600191,
      "mean_reward": 74.54253727907484,
      "std_reward": 4.978261773168184,
      "mean_steps": 1977.37,
      "mean_residual": 0.0,
      "num_episodes": 100,
      "phase_distribution": {
        "pre_grasp": 0,
        "grasp_descend": 100,
        "lift": 0
      },
      "grasp_attempted_rate": 1.0,
      "grasp_attached_rate": 0.0,
      "cube_fallen_rate": 0.0,
      "cube_lifted_rate": 0.0,
      "mean_cube_dz": 0.023849807233087092,
      "mean_ee_cube_dist": 0.14053176196837527,
      "mean_forced_wp_advances": 19.72
    }
  },
  "perturb_0.020": {
    "planner_only": {
      "success_rate": 0.25,
      "success_ci_lo": 0.1754509400372426,
      "success_ci_hi": 0.3430464637007583,
      "mean_reward": 137.175962722452,
      "std_reward": 84.73398514426748,
      "mean_steps": 834.52,
      "mean_residual": 0.0,
      "num_episodes": 100,
      "phase_distribution": {
        "pre_grasp": 0,
        "grasp_descend": 75,
        "lift": 25
      },
      "grasp_attempted_rate": 1.0,
      "grasp_attached_rate": 0.25,
      "cube_fallen_rate": 0.0,
      "cube_lifted_rate": 0.25,
      "mean_cube_dz": 0.045213226122837805,
      "mean_ee_cube_dist": 0.027077418732093426,
      "mean_forced_wp_advances": 0.0
    },
    "hybrid": {
      "success_rate": 0.4,
      "success_ci_lo": 0.3093997461136028,
      "success_ci_hi": 0.4979992153815976,
      "mean_reward": 151.18360076396402,
      "std_reward": 92.77575369574801,
      "mean_steps": 1597.23,
      "mean_residual": 0.050416894363453604,
      "num_episodes": 100,
      "phase_distribution": {
        "pre_grasp": 0,
        "grasp_descend": 60,
        "lift": 40
      },
      "grasp_attempted_rate": 1.0,
      "grasp_attached_rate": 0.4,
      "cube_fallen_rate": 0.0,
      "cube_lifted_rate": 0.4,
      "mean_cube_dz": 0.054924519496249415,
      "mean_ee_cube_dist": 0.02863052296388887,
      "mean_forced_wp_advances": 10.15
    },
    "rl_only": {
      "success_rate": 0.0,
      "success_ci_lo": 0.0,
      "success_ci_hi": 0.03699480747600191,
      "mean_reward": 74.40854528116472,
      "std_reward": 4.737309829031292,
      "mean_steps": 1988.88,
      "mean_residual": 0.0,
      "num_episodes": 100,
      "phase_distribution": {
        "pre_grasp": 0,
        "grasp_descend": 99,
        "lift": 1
      },
      "grasp_attempted_rate": 1.0,
      "grasp_attached_rate": 0.01,
      "cube_fallen_rate": 0.0,
      "cube_lifted_rate": 0.0,
      "mean_cube_dz": 0.023931244910781004,
      "mean_ee_cube_dist": 0.1396467336013583,
      "mean_forced_wp_advances": 19.82
    }
  },
  "perturb_0.040": {
    "planner_only": {
      "success_rate": 0.18,
      "success_ci_lo": 0.11700131654251038,
      "success_ci_hi": 0.26667536024213084,
      "mean_reward": 126.45416866337656,
      "std_reward": 76.08625540746613,
      "mean_steps": 851.6,
      "mean_residual": 0.0,
      "num_episodes": 100,
      "phase_distribution": {
        "pre_grasp": 0,
        "grasp_descend": 82,
        "lift": 18
      },
      "grasp_attempted_rate": 1.0,
      "grasp_attached_rate": 0.18,
      "cube_fallen_rate": 0.0,
      "cube_lifted_rate": 0.18,
      "mean_cube_dz": 0.040486493673057,
      "mean_ee_cube_dist": 0.04317938101694148,
      "mean_forced_wp_advances": 0.07
    },
    "hybrid": {
      "success_rate": 0.3,
      "success_ci_lo": 0.21894753866228117,
      "success_ci_hi": 0.39585038432811953,
      "mean_reward": 133.32243158638806,
      "std_reward": 87.60840893665538,
      "mean_steps": 1612.01,
      "mean_residual": 0.05094283153124657,
      "num_episodes": 100,
      "phase_distribution": {
        "pre_grasp": 0,
        "grasp_descend": 70,
        "lift": 30
      },
      "grasp_attempted_rate": 1.0,
      "grasp_attached_rate": 0.3,
      "cube_fallen_rate": 0.0,
      "cube_lifted_rate": 0.3,
      "mean_cube_dz": 0.047881713570203085,
      "mean_ee_cube_dist": 0.04193729965579347,
      "mean_forced_wp_advances": 10.22
    },
    "rl_only": {
      "success_rate": 0.0,
      "success_ci_lo": 0.0,
      "success_ci_hi": 0.03699480747600191,
      "mean_reward": 75.38102811693078,
      "std_reward": 5.546283692474299,
      "mean_steps": 2006.32,
      "mean_residual": 0.0,
      "num_episodes": 100,
      "phase_distribution": {
        "pre_grasp": 0,
        "grasp_descend": 99,
        "lift": 1
      },
      "grasp_attempted_rate": 1.0,
      "grasp_attached_rate": 0.01,
      "cube_fallen_rate": 0.0,
      "cube_lifted_rate": 0.0,
      "mean_cube_dz": 0.024356074420184438,
      "mean_ee_cube_dist": 0.1381483010955251,
      "mean_forced_wp_advances": 19.98
    }
  },
  "perturb_0.060": {
    "planner_only": {
      "success_rate": 0.07,
      "success_ci_lo": 0.034318824364064096,
      "success_ci_hi": 0.13749671006529757,
      "mean_reward": 102.07100457500876,
      "std_reward": 50.1757380184772,
      "mean_steps": 850.67,
      "mean_residual": 0.0,
      "num_episodes": 100,
      "phase_distribution": {
        "pre_grasp": 0,
        "grasp_descend": 93,
        "lift": 7
      },
      "grasp_attempted_rate": 1.0,
      "grasp_attached_rate": 0.07,
      "cube_fallen_rate": 0.0,
      "cube_lifted_rate": 0.07,
      "mean_cube_dz": 0.03257596884037743,
      "mean_ee_cube_dist": 0.04601265909971894,
      "mean_forced_wp_advances": 0.1
    },
    "hybrid": {
      "success_rate": 0.3,
      "success_ci_lo": 0.21894753866228117,
      "success_ci_hi": 0.39585038432811953,
      "mean_reward": 131.59427170999436,
      "std_reward": 88.38697892725109,
      "mean_steps": 1681.72,
      "mean_residual": 0.05181543737917016,
      "num_episodes": 100,
      "phase_distribution": {
        "pre_grasp": 0,
        "grasp_descend": 70,
        "lift": 30
      },
      "grasp_attempted_rate": 1.0,
      "grasp_attached_rate": 0.3,
      "cube_fallen_rate": 0.0,
      "cube_lifted_rate": 0.3,
      "mean_cube_dz": 0.04801879071662854,
      "mean_ee_cube_dist": 0.04821274689501549,
      "mean_forced_wp_advances": 10.63
    },
    "rl_only": {
      "success_rate": 0.0,
      "success_ci_lo": 0.0,
      "success_ci_hi": 0.03699480747600191,
      "mean_reward": 74.63184310877263,
      "std_reward": 6.2655935840705235,
      "mean_steps": 1981.46,
      "mean_residual": 0.0,
      "num_episodes": 100,
      "phase_distribution": {
        "pre_grasp": 0,
        "grasp_descend": 100,
        "lift": 0
      },
      "grasp_attempted_rate": 1.0,
      "grasp_attached_rate": 0.0,