{
  "episode": 3,
  "mode": "planner_only",
  "success": false,
  "cube_fallen": false,
  "truncated": false,
  "steps": 801,
  "max_phase": 1,
  "end_phase": 1,
  "forced_wp_advances": 0,
  "grasp_attempted": true,
  "grasp_attached": false,
  "grasp_debug_at_close": {
    "ee_to_cube_dist": 0.05648424472193199,
    "min_finger_to_cube_dist": 0.0696553774793892,
    "total_contacts": 1,
    "finger_contacts": 1,
    "dist_ok": true,
    "finger_dist_ok": false,
    "total_contact_ok": false,
    "finger_contact_ok": false,
    "left_finger_pos": [
      0.7000043392181396,
      -0.0001734303659759462,
      0.1497860699892044
    ],
    "right_finger_pos": [
      0.7000042796134949,
      -0.00017343115177936852,
      0.1497860699892044
    ],
    "ready": false
  },
  "perturb_offset": [
    -0.03814294798639695,
    -0.032241950480119436,
    -0.003039562105554408
  ]
}