{
  "episode": 1,
  "mode": "planner_only",
  "success": false,
  "cube_fallen": false,
  "truncated": false,
  "steps": 801,
  "max_phase": 1,
  "end_phase": 1,
  "forced_wp_advances": 0,
  "grasp_attempted": true,
  "grasp_attached": false,
  "grasp_debug_at_close": {
    "ee_to_cube_dist": 0.0506528347017523,
    "min_finger_to_cube_dist": 0.06439759049633666,
    "total_contacts": 2,
    "finger_contacts": 2,
    "dist_ok": true,
    "finger_dist_ok": false,
    "total_contact_ok": true,
    "finger_contact_ok": true,
    "left_finger_pos": [
      0.6998012661933899,
      0.0002903142012655735,
      0.15040890872478485
    ],
    "right_finger_pos": [
      0.6998632550239563,
      0.0002903291315305978,
      0.15040889382362366
    ],
    "ready": false
  },
  "perturb_offset": [
    0.021911867509082583,
    -0.03683623893828907,
    -0.004175077076925562
  ]
}