{
  "perturb_0.000": {
    "planner_only": {
      "success_rate": 1.0,
      "success_ci_lo": 0.9630051925239981,
      "success_ci_hi": 0.9999999999999999,
      "mean_reward": 295.26390098516316,
      "std_reward": 5.684341886080802e-14,
      "mean_steps": 888.0,
      "mean_residual": 0.0,
      "num_episodes": 100,
      "phase_distribution": {
        "pre_grasp": 0,
        "grasp_descend": 0,
        "lift": 100
      },
      "grasp_attempted_rate": 1.0,
      "grasp_attached_rate": 1.0,
      "cube_fallen_rate": 0.0,
      "cube_lifted_rate": 1.0,
      "mean_cube_dz": 0.10060038936794237,
      "mean_ee_cube_dist": 0.019933393876519403,
      "mean_forced_wp_advances": 0.0
    },
    "hybrid": {
      "success_rate": 0.77,
      "success_ci_lo": 0.6784543514317231,
      "success_ci_hi": 0.841568452531236,
      "mean_reward": 225.1710337543959,
      "std_reward": 82.99689939662792,
      "mean_steps": 2236.73,
      "mean_residual": 0.033893357374794895,
      "num_episodes": 100,
      "phase_distribution": {
        "pre_grasp": 0,
        "grasp_descend": 23,
        "lift": 77
      },
      "grasp_attempted_rate": 1.0,
      "grasp_attached_rate": 0.77,
      "cube_fallen_rate": 0.0,
      "cube_lifted_rate": 0.77,
      "mean_cube_dz": 0.08467090407521921,
      "mean_ee_cube_dist": 0.02611928863757496,
      "mean_forced_wp_advances": 13.22
    },
    "rl_only": {
      "success_rate": 0.0,
      "success_ci_lo": 0.0,
      "success_ci_hi": 0.03699480747600191,
      "mean_reward": 39.23676719438203,
      "std_reward": 11.01734813568318,
      "mean_steps": 3883.5,
      "mean_residual": 0.0,
      "num_episodes": 100,
      "phase_distribution": {
        "pre_grasp": 0,
        "grasp_descend": 99,
        "lift": 1
      },
      "grasp_attempted_rate": 1.0,
      "grasp_attached_rate": 0.01,
      "cube_fallen_rate": 0.0,
      "cube_lifted_rate": 0.0,
      "mean_cube_dz": 0.024495113611899634,
      "mean_ee_cube_dist": 0.09750684543279414,
      "mean_forced_wp_advances": 38.81
    }
  },
  "perturb_0.020": {
    "planner_only": {
      "success_rate": 0.58,
      "success_ci_lo": 0.48206307998895276,
      "success_ci_hi": 0.672017750814887,
      "mean_reward": 209.86953689440207,
      "std_reward": 98.68649751960717,
      "mean_steps": 861.24,
      "mean_residual": 0.0,
      "num_episodes": 100,
      "phase_distribution": {
        "pre_grasp": 0,
        "grasp_descend": 42,
        "lift": 58
      },
      "grasp_attempted_rate": 1.0,
      "grasp_attached_rate": 0.58,
      "cube_fallen_rate": 0.0,
      "cube_lifted_rate": 0.58,
      "mean_cube_dz": 0.06999561152422948,
      "mean_ee_cube_dist": 0.029943125595886064,
      "mean_forced_wp_advances": 0.0
    },
    "hybrid": {
      "success_rate": 0.73,
      "success_ci_lo": 0.6356769977376873,
      "success_ci_hi": 0.8073053908233518,
      "mean_reward": 216.24872557316365,
      "std_reward": 89.89982015129519,
      "mean_steps": 2269.7,
      "mean_residual": 0.034036555865413355,
      "num_episodes": 100,
      "phase_distribution": {
        "pre_grasp": 0,
        "grasp_descend": 27,
        "lift": 73
      },
      "grasp_attempted_rate": 1.0,
      "grasp_attached_rate": 0.73,
      "cube_fallen_rate": 0.0,
      "cube_lifted_rate": 0.73,
      "mean_cube_dz": 0.0809070026723086,
      "mean_ee_cube_dist": 0.028067133850818306,
      "mean_forced_wp_advances": 13.92
    },
    "rl_only": {
      "success_rate": 0.0,
      "success_ci_lo": 0.0,
      "success_ci_hi": 0.03699480747600191,
      "mean_reward": 40.59206461231269,
      "std_reward": 10.212707907336863,
      "mean_steps": 3878.52,
      "mean_residual": 0.0,
      "num_episodes": 100,
      "phase_distribution": {
        "pre_grasp": 0,
        "grasp_descend": 100,
        "lift": 0
      },
      "grasp_attempted_rate": 1.0,
      "grasp_attached_rate": 0.0,
      "cube_fallen_rate": 0.0,
      "cube_lifted_rate": 0.0,
      "mean_cube_dz": 0.024385206999741057,
      "mean_ee_cube_dist": 0.099654970108725,
      "mean_forced_wp_advances": 38.77
    }
  },
  "perturb_0.040": {
    "planner_only": {
      "success_rate": 0.43,
      "success_ci_lo": 0.3373313900052838,
      "success_ci_hi": 0.5278478830413564,
      "mean_reward": 176.93686621612844,
      "std_reward": 97.70832631406536,
      "mean_steps": 871.1,
      "mean_residual": 0.0,
      "num_episodes": 100,
      "phase_distribution": {
        "pre_grasp": 0,
        "grasp_descend": 57,
        "lift": 43
      },
      "grasp_attempted_rate": 1.0,
      "grasp_attached_rate": 0.43,
      "cube_fallen_rate": 0.0,
      "cube_lifted_rate": 0.43,
      "mean_cube_dz": 0.05977305878904833,
      "mean_ee_cube_dist": 0.032086132690037926,
      "mean_forced_wp_advances": 0.03
    },
    "hybrid": {
      "success_rate": 0.74,
      "success_ci_lo": 0.6462882736813838,
      "success_ci_hi": 0.8159542187301354,
      "mean_reward": 215.9834593256306,
      "std_reward": 88.78807328261905,
      "mean_steps": 2494.81,
      "mean_residual": 0.034395231260923684,
      "num_episodes": 100,
      "phase_distribution": {
        "pre_grasp": 0,
        "grasp_descend": 26,
        "lift": 74
      },
      "grasp_attempted_rate": 1.0,
      "grasp_attached_rate": 0.74,
      "cube_fallen_rate": 0.0,
      "cube_lifted_rate": 0.74,
      "mean_cube_dz": 0.08141882325354124,
      "mean_ee_cube_dist": 0.022349216664073187,
      "mean_forced_wp_advances": 16.0
    },
    "rl_only": {
      "success_rate": 0.0,
      "success_ci_lo": 0.0,
      "success_ci_hi": 0.03699480747600191,
      "mean_reward": 46.38905243042151,
      "std_reward": 15.580831563417787,
      "mean_steps": 3307.61,
      "mean_residual": 0.0,
      "num_episodes": 100,
      "phase_distribution": {
        "pre_grasp": 0,
        "grasp_descend": 99,
        "lift": 1
      },
      "grasp_attempted_rate": 1.0,
      "grasp_attached_rate": 0.01,
      "cube_fallen_rate": 0.0,
      "cube_lifted_rate": 0.0,
      "mean_cube_dz": 0.02452670318421671,
      "mean_ee_cube_dist": 0.09699002872710615,
      "mean_forced_wp_advances": 32.97
    }
  },
  "perturb_0.060": {
    "planner_only": {
      "success_rate": 0.33,
      "success_ci_lo": 0.24562983793895452,
      "success_ci_hi": 0.4269483966028862,
      "mean_reward": 151.86894364435182,
      "std_reward": 93.34264428318413,
      "mean_steps": 873.46,
      "mean_residual": 0.0,
      "num_episodes": 100,
      "phase_distribution": {
        "pre_grasp": 0,
        "grasp_descend": 67,
        "lift": 33
      },
      "grasp_attempted_rate": 1.0,
      "grasp_attached_rate": 0.33,
      "cube_fallen_rate": 0.0,
      "cube_lifted_rate": 0.33,
      "mean_cube_dz": 0.051505065412852574,
      "mean_ee_cube_dist": 0.03718170973386993,
      "mean_forced_wp_advances": 0.11
    },
    "hybrid": {
      "success_rate": 0.74,
      "success_ci_lo": 0.6462882736813838,
      "success_ci_hi": 0.8159542187301354,
      "mean_reward": 210.6795782476696,
      "std_reward": 89.2759361111142,
      "mean_steps": 2699.05,
      "mean_residual": 0.034897592725724715,
      "num_episodes": 100,
      "phase_distribution": {
        "pre_grasp": 0,
        "grasp_descend": 26,
        "lift": 74
      },
      "grasp_attempted_rate": 1.0,
      "grasp_attached_rate": 0.74,
      "cube_fallen_rate": 0.0,
      "cube_lifted_rate": 0.74,
      "mean_cube_dz": 0.0811381554184032,
      "mean_ee_cube_dist": 0.023773826148428885,
      "mean_forced_wp_advances": 17.88
    },
    "rl_only": {
      "success_rate": 0.0,
      "success_ci_lo": 0.0,
      "success_ci_hi": 0.03699480747600191,
      "mean_reward": 45.1418204090565,
      "std_reward": 17.019631739998832,
      "mean_steps": 3310.58,
      "mean_residual": 0.0,
      "num_episodes": 100,
      "phase_distribution": {
        "pre_grasp": 0,
        "grasp_descend": 100,
        "lift": 0
      },
      "grasp_attempted_rate": 1.0,