{
  "perturb_0.000": {
    "planner_only": {
      "success_rate": 1.0,
      "success_ci_lo": 0.9630051925239981,
      "success_ci_hi": 0.9999999999999999,
      "mean_reward": 295.26390098516316,
      "std_reward": 5.684341886080802e-14,
      "mean_steps": 888.0,
      "mean_residual": 0.0,
      "num_episodes": 100,
      "phase_distribution": {
        "pre_grasp": 0,
        "grasp_descend": 0,
        "lift": 100
      },
      "grasp_attempted_rate": 1.0,
      "grasp_attached_rate": 1.0,
      "cube_fallen_rate": 0.0,
      "cube_lifted_rate": 1.0,
      "mean_cube_dz": 0.10060038936794237,
      "mean_ee_cube_dist": 0.019933393876519403,
      "mean_forced_wp_advances": 0.0
    },
    "hybrid": {
      "success_rate": 0.79,
      "success_ci_lo": 0.7001985069803768,
      "success_ci_hi": 0.8583445046835422,
      "mean_reward": 231.7338549746408,
      "std_reward": 83.42833019826703,
      "mean_steps": 2285.96,
      "mean_residual": 0.02692645680572054,
      "num_episodes": 100,
      "phase_distribution": {
        "pre_grasp": 0,
        "grasp_descend": 21,
        "lift": 79
      },
      "grasp_attempted_rate": 1.0,
      "grasp_attached_rate": 0.79,
      "cube_fallen_rate": 0.0,
      "cube_lifted_rate": 0.79,
      "mean_cube_dz": 0.08472315929473204,
      "mean_ee_cube_dist": 0.018977489798330603,
      "mean_forced_wp_advances": 14.07
    },
    "rl_only": {
      "success_rate": 0.0,
      "success_ci_lo": 0.0,
      "success_ci_hi": 0.03699480747600191,
      "mean_reward": 40.617887757839334,
      "std_reward": 11.279266587656549,
      "mean_steps": 3882.57,
      "mean_residual": 0.0,
      "num_episodes": 100,
      "phase_distribution": {
        "pre_grasp": 0,
        "grasp_descend": 100,
        "lift": 0
      },
      "grasp_attempted_rate": 1.0,
      "grasp_attached_rate": 0.0,
      "cube_fallen_rate": 0.0,
      "cube_lifted_rate": 0.0,
      "mean_cube_dz": 0.024500474860221187,
      "mean_ee_cube_dist": 0.09840909646568986,
      "mean_forced_wp_advances": 38.81
    }
  },
  "perturb_0.020": {
    "planner_only": {
      "success_rate": 0.58,
      "success_ci_lo": 0.48206307998895276,
      "success_ci_hi": 0.672017750814887,
      "mean_reward": 209.38803483604667,
      "std_reward": 98.42653107216381,
      "mean_steps": 864.39,
      "mean_residual": 0.0,
      "num_episodes": 100,
      "phase_distribution": {
        "pre_grasp": 0,
        "grasp_descend": 42,
        "lift": 58
      },
      "grasp_attempted_rate": 1.0,
      "grasp_attached_rate": 0.58,
      "cube_fallen_rate": 0.0,
      "cube_lifted_rate": 0.58,
      "mean_cube_dz": 0.06997024352810173,
      "mean_ee_cube_dist": 0.027738808997251754,
      "mean_forced_wp_advances": 0.0
    },
    "hybrid": {
      "success_rate": 0.71,
      "success_ci_lo": 0.6146092505999207,
      "success_ci_hi": 0.7898529302601586,
      "mean_reward": 212.1384664489584,
      "std_reward": 92.5777271708895,
      "mean_steps": 2440.08,
      "mean_residual": 0.027063686716744875,
      "num_episodes": 100,
      "phase_distribution": {
        "pre_grasp": 0,
        "grasp_descend": 29,
        "lift": 71
      },
      "grasp_attempted_rate": 1.0,
      "grasp_attached_rate": 0.71,
      "cube_fallen_rate": 0.0,
      "cube_lifted_rate": 0.71,
      "mean_cube_dz": 0.07894199199591588,
      "mean_ee_cube_dist": 0.0200984791039383,
      "mean_forced_wp_advances": 15.82
    },
    "rl_only": {
      "success_rate": 0.0,
      "success_ci_lo": 0.0,
      "success_ci_hi": 0.03699480747600191,
      "mean_reward": 38.85195789432635,
      "std_reward": 10.442366241342693,
      "mean_steps": 3874.57,
      "mean_residual": 0.0,
      "num_episodes": 100,
      "phase_distribution": {
        "pre_grasp": 0,
        "grasp_descend": 99,
        "lift": 1
      },
      "grasp_attempted_rate": 1.0,
      "grasp_attached_rate": 0.01,
      "cube_fallen_rate": 0.0,
      "cube_lifted_rate": 0.0,
      "mean_cube_dz": 0.024591896517517486,
      "mean_ee_cube_dist": 0.0931602970187618,
      "mean_forced_wp_advances": 38.72
    }
  },
  "perturb_0.040": {
    "planner_only": {
      "success_rate": 0.43,
      "success_ci_lo": 0.3373313900052838,
      "success_ci_hi": 0.5278478830413564,
      "mean_reward": 176.90739111115948,
      "std_reward": 97.2928061109447,
      "mean_steps": 869.81,
      "mean_residual": 0.0,
      "num_episodes": 100,
      "phase_distribution": {
        "pre_grasp": 0,
        "grasp_descend": 57,
        "lift": 43
      },
      "grasp_attempted_rate": 1.0,
      "grasp_attached_rate": 0.43,
      "cube_fallen_rate": 0.0,
      "cube_lifted_rate": 0.43,
      "mean_cube_dz": 0.05894492390111591,
      "mean_ee_cube_dist": 0.029655493868213655,
      "mean_forced_wp_advances": 0.04
    },
    "hybrid": {
      "success_rate": 0.65,
      "success_ci_lo": 0.5525426042919797,
      "success_ci_hi": 0.7363589534652197,
      "mean_reward": 192.36597231672462,
      "std_reward": 95.539962476624,
      "mean_steps": 2733.84,
      "mean_residual": 0.027255142454946743,
      "num_episodes": 100,
      "phase_distribution": {
        "pre_grasp": 0,
        "grasp_descend": 35,
        "lift": 65
      },
      "grasp_attempted_rate": 1.0,
      "grasp_attached_rate": 0.65,
      "cube_fallen_rate": 0.0,
      "cube_lifted_rate": 0.65,
      "mean_cube_dz": 0.0750540185560833,
      "mean_ee_cube_dist": 0.025589799735095994,
      "mean_forced_wp_advances": 18.73
    },
    "rl_only": {
      "success_rate": 0.0,
      "success_ci_lo": 0.0,
      "success_ci_hi": 0.03699480747600191,
      "mean_reward": 43.46008182054809,
      "std_reward": 13.793996867937903,
      "mean_steps": 3381.17,
      "mean_residual": 0.0,
      "num_episodes": 100,
      "phase_distribution": {
        "pre_grasp": 0,
        "grasp_descend": 100,
        "lift": 0
      },
      "grasp_attempted_rate": 1.0,
      "grasp_attached_rate": 0.0,
      "cube_fallen_rate": 0.0,
      "cube_lifted_rate": 0.0,
      "mean_cube_dz": 0.024338523300973306,
      "mean_ee_cube_dist": 0.10020838515417393,
      "mean_forced_wp_advances": 33.74
    }
  },
  "perturb_0.060": {
    "planner_only": {
      "success_rate": 0.43,
      "success_ci_lo": 0.3373313900052838,
      "success_ci_hi": 0.5278478830413564,
      "mean_reward": 169.127016608697,
      "std_reward": 99.80039940461556,
      "mean_steps": 879.81,
      "mean_residual": 0.0,
      "num_episodes": 100,
      "phase_distribution": {
        "pre_grasp": 0,
        "grasp_descend": 57,
        "lift": 43
      },
      "grasp_attempted_rate": 1.0,
      "grasp_attached_rate": 0.43,
      "cube_fallen_rate": 0.0,
      "cube_lifted_rate": 0.43,
      "mean_cube_dz": 0.05918090504126262,
      "mean_ee_cube_dist": 0.03390341081848441,
      "mean_forced_wp_advances": 0.04
    },
    "hybrid": {
      "success_rate": 0.48,
      "success_ci_lo": 0.38464384320080547,
      "success_ci_hi": 0.5768359490982345,
      "mean_reward": 153.10400169150117,
      "std_reward": 105.05656594470503,
      "mean_steps": 2882.05,
      "mean_residual": 0.027362490805317788,
      "num_episodes": 100,
      "phase_distribution": {
        "pre_grasp": 0,
        "grasp_descend": 52,
        "lift": 48
      },
      "grasp_attempted_rate": 1.0,
      "grasp_attached_rate": 0.48,
      "cube_fallen_rate": 0.0,
      "cube_lifted_rate": 0.48,
      "mean_cube_dz": 0.06158962668788937,
      "mean_ee_cube_dist": 0.040894259055420774,
      "mean_forced_wp_advances": 20.81
    },
    "rl_only": {
      "success_rate": 0.0,
      "success_ci_lo": 0.0,
      "success_ci_hi": 0.03699480747600191,
      "mean_reward": 47.046227198604754,
      "std_reward": 18.043515433769038,
      "mean_steps": 3270.2,
      "mean_residual": 0.0,
      "num_episodes": 100,
      "phase_distribution": {
        "pre_grasp": 0,
        "grasp_descend": 100,
        "lift": 0
      },
      "grasp_attempted_rate": 1.0,