{
  "perturb_0.000": {
    "planner_only": {
      "success_rate": 1.0,
      "success_ci_lo": 0.9630051925239981,
      "success_ci_hi": 0.9999999999999999,
      "mean_reward": 295.26390098516316,
      "std_reward": 5.684341886080802e-14,
      "mean_steps": 888.0,
      "mean_residual": 0.0,
      "num_episodes": 100,
      "phase_distribution": {
        "pre_grasp": 0,
        "grasp_descend": 0,
        "lift": 100
      },
      "grasp_attempted_rate": 1.0,
      "grasp_attached_rate": 1.0,
      "cube_fallen_rate": 0.0,
      "cube_lifted_rate": 1.0,
      "mean_cube_dz": 0.10060038936794237,
      "mean_ee_cube_dist": 0.019933393876519403,
      "mean_forced_wp_advances": 0.0
    },
    "hybrid": {
      "success_rate": 0.79,
      "success_ci_lo": 0.7001985069803768,
      "success_ci_hi": 0.8583445046835422,
      "mean_reward": 238.27421515061468,
      "std_reward": 84.19319941312747,
      "mean_steps": 1655.1,
      "mean_residual": 0.03522758073051419,
      "num_episodes": 100,
      "phase_distribution": {
        "pre_grasp": 0,
        "grasp_descend": 21,
        "lift": 79
      },
      "grasp_attempted_rate": 1.0,
      "grasp_attached_rate": 0.79,
      "cube_fallen_rate": 0.0,
      "cube_lifted_rate": 0.79,
      "mean_cube_dz": 0.08614789444812386,
      "mean_ee_cube_dist": 0.020022541245572328,
      "mean_forced_wp_advances": 7.5
    },
    "rl_only": {
      "success_rate": 0.0,
      "success_ci_lo": 0.0,
      "success_ci_hi": 0.03699480747600191,
      "mean_reward": 39.408259842277886,
      "std_reward": 9.608832421716906,
      "mean_steps": 3876.55,
      "mean_residual": 0.0,
      "num_episodes": 100,
      "phase_distribution": {
        "pre_grasp": 0,
        "grasp_descend": 100,
        "lift": 0
      },
      "grasp_attempted_rate": 1.0,
      "grasp_attached_rate": 0.0,
      "cube_fallen_rate": 0.0,
      "cube_lifted_rate": 0.0,
      "mean_cube_dz": 0.024347672176800908,
      "mean_ee_cube_dist": 0.10524250806737129,
      "mean_forced_wp_advances": 38.75
    }
  },
  "perturb_0.020": {
    "planner_only": {
      "success_rate": 0.57,
      "success_ci_lo": 0.4721521169586435,
      "success_ci_hi": 0.6626686099947162,
      "mean_reward": 205.7385984833185,
      "std_reward": 100.13378059044989,
      "mean_steps": 861.68,
      "mean_residual": 0.0,
      "num_episodes": 100,
      "phase_distribution": {
        "pre_grasp": 0,
        "grasp_descend": 43,
        "lift": 57
      },
      "grasp_attempted_rate": 1.0,
      "grasp_attached_rate": 0.57,
      "cube_fallen_rate": 0.0,
      "cube_lifted_rate": 0.57,
      "mean_cube_dz": 0.06867849771354684,
      "mean_ee_cube_dist": 0.02411894999070767,
      "mean_forced_wp_advances": 0.0
    },
    "hybrid": {
      "success_rate": 0.58,
      "success_ci_lo": 0.48206307998895276,
      "success_ci_hi": 0.672017750814887,
      "mean_reward": 189.59422973616577,
      "std_reward": 106.26953452321975,
      "mean_steps": 1927.46,
      "mean_residual": 0.0358729473476127,
      "num_episodes": 100,
      "phase_distribution": {
        "pre_grasp": 0,
        "grasp_descend": 42,
        "lift": 58
      },
      "grasp_attempted_rate": 1.0,
      "grasp_attached_rate": 0.58,
      "cube_fallen_rate": 0.0,
      "cube_lifted_rate": 0.58,
      "mean_cube_dz": 0.06924782846791527,
      "mean_ee_cube_dist": 0.028782180195517003,
      "mean_forced_wp_advances": 10.43
    },
    "rl_only": {
      "success_rate": 0.0,
      "success_ci_lo": 0.0,
      "success_ci_hi": 0.03699480747600191,
      "mean_reward": 39.701005314147125,
      "std_reward": 10.632147781218723,
      "mean_steps": 3870.22,
      "mean_residual": 0.0,
      "num_episodes": 100,
      "phase_distribution": {
        "pre_grasp": 0,
        "grasp_descend": 100,
        "lift": 0
      },
      "grasp_attempted_rate": 1.0,
      "grasp_attached_rate": 0.0,
      "cube_fallen_rate": 0.0,
      "cube_lifted_rate": 0.0,
      "mean_cube_dz": 0.02444522535451208,
      "mean_ee_cube_dist": 0.09883567944906245,
      "mean_forced_wp_advances": 38.68
    }
  },
  "perturb_0.040": {
    "planner_only": {
      "success_rate": 0.47,
      "success_ci_lo": 0.3751065198210374,
      "success_ci_hi": 0.5671131686275227,
      "mean_reward": 185.0326673790961,
      "std_reward": 98.30671294107329,
      "mean_steps": 874.2,
      "mean_residual": 0.0,
      "num_episodes": 100,
      "phase_distribution": {
        "pre_grasp": 0,
        "grasp_descend": 53,
        "lift": 47
      },
      "grasp_attempted_rate": 1.0,
      "grasp_attached_rate": 0.47,
      "cube_fallen_rate": 0.0,
      "cube_lifted_rate": 0.47,
      "mean_cube_dz": 0.06195369381389198,
      "mean_ee_cube_dist": 0.03123173560007442,
      "mean_forced_wp_advances": 0.01
    },
    "hybrid": {
      "success_rate": 0.62,
      "success_ci_lo": 0.5220957382071033,
      "success_ci_hi": 0.7090255079986562,
      "mean_reward": 190.1962235781817,
      "std_reward": 103.8753573324786,
      "mean_steps": 2318.8,
      "mean_residual": 0.03610790676627254,
      "num_episodes": 100,
      "phase_distribution": {
        "pre_grasp": 0,
        "grasp_descend": 38,
        "lift": 62
      },
      "grasp_attempted_rate": 1.0,
      "grasp_attached_rate": 0.62,
      "cube_fallen_rate": 0.0,
      "cube_lifted_rate": 0.62,
      "mean_cube_dz": 0.0719319959397993,
      "mean_ee_cube_dist": 0.03109956914383097,
      "mean_forced_wp_advances": 14.27
    },
    "rl_only": {
      "success_rate": 0.0,
      "success_ci_lo": 0.0,
      "success_ci_hi": 0.03699480747600191,
      "mean_reward": 41.733850280293446,
      "std_reward": 14.296940589729408,
      "mean_steps": 3530.29,
      "mean_residual": 0.0,
      "num_episodes": 100,
      "phase_distribution": {
        "pre_grasp": 0,
        "grasp_descend": 99,
        "lift": 1
      },
      "grasp_attempted_rate": 1.0,
      "grasp_attached_rate": 0.01,
      "cube_fallen_rate": 0.0,
      "cube_lifted_rate": 0.0,
      "mean_cube_dz": 0.02504318356816476,
      "mean_ee_cube_dist": 0.09141189768224828,
      "mean_forced_wp_advances": 35.23
    }
  },
  "perturb_0.060": {
    "planner_only": {
      "success_rate": 0.31,
      "success_ci_lo": 0.22779563206132378,
      "success_ci_hi": 0.40626239477955695,
      "mean_reward": 148.77689557706483,
      "std_reward": 91.45667284179758,
      "mean_steps": 870.64,
      "mean_residual": 0.0,
      "num_episodes": 100,
      "phase_distribution": {
        "pre_grasp": 0,
        "grasp_descend": 69,
        "lift": 31
      },
      "grasp_attempted_rate": 1.0,
      "grasp_attached_rate": 0.31,
      "cube_fallen_rate": 0.0,
      "cube_lifted_rate": 0.31,
      "mean_cube_dz": 0.05091747456345323,
      "mean_ee_cube_dist": 0.04606850469539376,
      "mean_forced_wp_advances": 0.08
    },
    "hybrid": {
      "success_rate": 0.42,
      "success_ci_lo": 0.32798224918511304,
      "success_ci_hi": 0.5179369200110473,
      "mean_reward": 142.24295395950583,
      "std_reward": 105.04700761790826,
      "mean_steps": 2726.89,
      "mean_residual": 0.03661091398971037,
      "num_episodes": 100,
      "phase_distribution": {
        "pre_grasp": 0,
        "grasp_descend": 58,
        "lift": 42
      },
      "grasp_attempted_rate": 1.0,
      "grasp_attached_rate": 0.42,
      "cube_fallen_rate": 0.0,
      "cube_lifted_rate": 0.42,
      "mean_cube_dz": 0.05650191863378079,
      "mean_ee_cube_dist": 0.033758741548162864,
      "mean_forced_wp_advances": 18.65
    },
    "rl_only": {
      "success_rate": 0.0,
      "success_ci_lo": 0.0,
      "success_ci_hi": 0.03699480747600191,
      "mean_reward": 48.14477397585243,
      "std_reward": 16.955190243780567,
      "mean_steps": 3115.86,
      "mean_residual": 0.0,
      "num_episodes": 100,
      "phase_distribution": {
        "pre_grasp": 0,
        "grasp_descend": 100,
        "lift": 0
      },
      "grasp_attempted_rate": 1.0,