{
  "perturb_0.000": {
    "planner_only": {
      "success_rate": 1.0,
      "success_ci_lo": 0.9630051925239981,
      "success_ci_hi": 0.9999999999999999,
      "mean_reward": 295.26390098516316,
      "std_reward": 5.684341886080802e-14,
      "mean_steps": 888.0,
      "mean_residual": 0.0,
      "num_episodes": 100,
      "phase_distribution": {
        "pre_grasp": 0,
        "grasp_descend": 0,
        "lift": 100
      },
      "grasp_attempted_rate": 1.0,
      "grasp_attached_rate": 1.0,
      "cube_fallen_rate": 0.0,
      "cube_lifted_rate": 1.0,
      "mean_cube_dz": 0.10060038936794237,
      "mean_ee_cube_dist": 0.019933393876519403,
      "mean_forced_wp_advances": 0.0
    },
    "hybrid": {
      "success_rate": 0.73,
      "success_ci_lo": 0.6356769977376873,
      "success_ci_hi": 0.8073053908233518,
      "mean_reward": 231.94582647572986,
      "std_reward": 91.72113898287199,
      "mean_steps": 1189.28,
      "mean_residual": 0.0376494614726247,
      "num_episodes": 100,
      "phase_distribution": {
        "pre_grasp": 0,
        "grasp_descend": 27,
        "lift": 73
      },
      "grasp_attempted_rate": 1.0,
      "grasp_attached_rate": 0.73,
      "cube_fallen_rate": 0.0,
      "cube_lifted_rate": 0.73,
      "mean_cube_dz": 0.0811912457155074,
      "mean_ee_cube_dist": 0.019274882708523164,
      "mean_forced_wp_advances": 2.73
    },
    "rl_only": {
      "success_rate": 0.0,
      "success_ci_lo": 0.0,
      "success_ci_hi": 0.03699480747600191,
      "mean_reward": 65.60729922453228,
      "std_reward": 9.919168413905634,
      "mean_steps": 2168.22,
      "mean_residual": 0.0,
      "num_episodes": 100,
      "phase_distribution": {
        "pre_grasp": 0,
        "grasp_descend": 97,
        "lift": 3
      },
      "grasp_attempted_rate": 1.0,
      "grasp_attached_rate": 0.03,
      "cube_fallen_rate": 0.0,
      "cube_lifted_rate": 0.0,
      "mean_cube_dz": 0.025713248610454077,
      "mean_ee_cube_dist": 0.0848593662039495,
      "mean_forced_wp_advances": 21.57
    }
  },
  "perturb_0.020": {
    "planner_only": {
      "success_rate": 0.61,
      "success_ci_lo": 0.5120283616749817,
      "success_ci_hi": 0.699832780680298,
      "mean_reward": 214.47809333821792,
      "std_reward": 98.43986054779617,
      "mean_steps": 865.39,
      "mean_residual": 0.0,
      "num_episodes": 100,
      "phase_distribution": {
        "pre_grasp": 0,
        "grasp_descend": 39,
        "lift": 61
      },
      "grasp_attempted_rate": 1.0,
      "grasp_attached_rate": 0.61,
      "cube_fallen_rate": 0.0,
      "cube_lifted_rate": 0.61,
      "mean_cube_dz": 0.07172818561082642,
      "mean_ee_cube_dist": 0.026142995607703456,
      "mean_forced_wp_advances": 0.0
    },
    "hybrid": {
      "success_rate": 0.74,
      "success_ci_lo": 0.6462882736813838,
      "success_ci_hi": 0.8159542187301354,
      "mean_reward": 229.41269953703184,
      "std_reward": 92.75506446468674,
      "mean_steps": 1514.78,
      "mean_residual": 0.03859371410712254,
      "num_episodes": 100,
      "phase_distribution": {
        "pre_grasp": 0,
        "grasp_descend": 26,
        "lift": 74
      },
      "grasp_attempted_rate": 1.0,
      "grasp_attached_rate": 0.74,
      "cube_fallen_rate": 0.0,
      "cube_lifted_rate": 0.74,
      "mean_cube_dz": 0.08130194311706422,
      "mean_ee_cube_dist": 0.0213337311262953,
      "mean_forced_wp_advances": 5.79
    },
    "rl_only": {
      "success_rate": 0.0,
      "success_ci_lo": 0.0,
      "success_ci_hi": 0.03699480747600191,
      "mean_reward": 65.40440721385984,
      "std_reward": 6.984417196355978,
      "mean_steps": 2024.97,
      "mean_residual": 0.0,
      "num_episodes": 100,
      "phase_distribution": {
        "pre_grasp": 0,
        "grasp_descend": 100,
        "lift": 0
      },
      "grasp_attempted_rate": 1.0,
      "grasp_attached_rate": 0.0,
      "cube_fallen_rate": 0.0,
      "cube_lifted_rate": 0.0,
      "mean_cube_dz": 0.025697028075838825,
      "mean_ee_cube_dist": 0.08537892156015287,
      "mean_forced_wp_advances": 20.08
    }
  },
  "perturb_0.040": {
    "planner_only": {
      "success_rate": 0.34,
      "success_ci_lo": 0.25461379497543,
      "success_ci_hi": 0.43722454341689065,
      "mean_reward": 157.87556244991802,
      "std_reward": 92.65948083983672,
      "mean_steps": 862.89,
      "mean_residual": 0.0,
      "num_episodes": 100,
      "phase_distribution": {
        "pre_grasp": 0,
        "grasp_descend": 66,
        "lift": 34
      },
      "grasp_attempted_rate": 1.0,
      "grasp_attached_rate": 0.34,
      "cube_fallen_rate": 0.0,
      "cube_lifted_rate": 0.34,
      "mean_cube_dz": 0.05241195599890545,
      "mean_ee_cube_dist": 0.032938032188347476,
      "mean_forced_wp_advances": 0.02
    },
    "hybrid": {
      "success_rate": 0.45,
      "success_ci_lo": 0.3561437510640346,
      "success_ci_hi": 0.5475557296835656,
      "mean_reward": 155.31743036625528,
      "std_reward": 109.6262962140227,
      "mean_steps": 2212.69,
      "mean_residual": 0.04076575162596186,
      "num_episodes": 100,
      "phase_distribution": {
        "pre_grasp": 0,
        "grasp_descend": 55,
        "lift": 45
      },
      "grasp_attempted_rate": 1.0,
      "grasp_attached_rate": 0.45,
      "cube_fallen_rate": 0.0,
      "cube_lifted_rate": 0.45,
      "mean_cube_dz": 0.05908308439923525,
      "mean_ee_cube_dist": 0.03440125644355409,
      "mean_forced_wp_advances": 13.4
    },
    "rl_only": {
      "success_rate": 0.0,
      "success_ci_lo": 0.0,
      "success_ci_hi": 0.03699480747600191,
      "mean_reward": 66.43180824754293,
      "std_reward": 8.990516207087648,
      "mean_steps": 2077.72,
      "mean_residual": 0.0,
      "num_episodes": 100,
      "phase_distribution": {
        "pre_grasp": 0,
        "grasp_descend": 99,
        "lift": 1
      },
      "grasp_attempted_rate": 1.0,
      "grasp_attached_rate": 0.01,
      "cube_fallen_rate": 0.0,
      "cube_lifted_rate": 0.0,
      "mean_cube_dz": 0.02527709410449658,
      "mean_ee_cube_dist": 0.07974235100441131,
      "mean_forced_wp_advances": 20.66
    }
  },
  "perturb_0.060": {
    "planner_only": {
      "success_rate": 0.4,
      "success_ci_lo": 0.3093997461136028,
      "success_ci_hi": 0.4979992153815976,
      "mean_reward": 163.9434793067877,
      "std_reward": 99.50114855527124,
      "mean_steps": 879.04,
      "mean_residual": 0.0,
      "num_episodes": 100,
      "phase_distribution": {
        "pre_grasp": 0,
        "grasp_descend": 60,
        "lift": 40
      },
      "grasp_attempted_rate": 1.0,
      "grasp_attached_rate": 0.4,
      "cube_fallen_rate": 0.0,
      "cube_lifted_rate": 0.4,
      "mean_cube_dz": 0.056311039112038046,
      "mean_ee_cube_dist": 0.04386197692775607,
      "mean_forced_wp_advances": 0.12
    },
    "hybrid": {
      "success_rate": 0.33,
      "success_ci_lo": 0.24562983793895452,
      "success_ci_hi": 0.4269483966028862,
      "mean_reward": 125.95557829768838,
      "std_reward": 104.4040716872743,
      "mean_steps": 2421.25,
      "mean_residual": 0.04145085934324744,
      "num_episodes": 100,
      "phase_distribution": {
        "pre_grasp": 0,
        "grasp_descend": 67,
        "lift": 33
      },
      "grasp_attempted_rate": 1.0,
      "grasp_attached_rate": 0.33,
      "cube_fallen_rate": 0.0,
      "cube_lifted_rate": 0.33,
      "mean_cube_dz": 0.050197253055190016,
      "mean_ee_cube_dist": 0.04425353173957504,
      "mean_forced_wp_advances": 15.55
    },
    "rl_only": {
      "success_rate": 0.0,
      "success_ci_lo": 0.0,
      "success_ci_hi": 0.03699480747600191,
      "mean_reward": 63.2204230315903,
      "std_reward": 11.874178427852797,
      "mean_steps": 2252.72,
      "mean_residual": 0.0,
      "num_episodes": 100,
      "phase_distribution": {
        "pre_grasp": 0,
        "grasp_descend": 99,
        "lift": 1
      },
      "grasp_attempted_rate": 1.0,