{
  "perturb_0.000": {
    "planner_only": {
      "success_rate": 1.0,
      "success_ci_lo": 0.9630051925239981,
      "success_ci_hi": 0.9999999999999999,
      "mean_reward": 295.26390098516316,
      "std_reward": 5.684341886080802e-14,
      "mean_steps": 888.0,
      "mean_residual": 0.0,
      "num_episodes": 100,
      "phase_distribution": {
        "pre_grasp": 0,
        "grasp_descend": 0,
        "lift": 100
      },
      "grasp_attempted_rate": 1.0,
      "grasp_attached_rate": 1.0,
      "cube_fallen_rate": 0.0,
      "cube_lifted_rate": 1.0,
      "mean_cube_dz": 0.10060038936794237,
      "mean_ee_cube_dist": 0.019933393876519403,
      "mean_forced_wp_advances": 0.0
    },
    "hybrid": {
      "success_rate": 0.71,
      "success_ci_lo": 0.6146092505999207,
      "success_ci_hi": 0.7898529302601586,
      "mean_reward": 212.17738255687098,
      "std_reward": 91.70902312802724,
      "mean_steps": 2336.71,
      "mean_residual": 0.03154175323955465,
      "num_episodes": 100,
      "phase_distribution": {
        "pre_grasp": 0,
        "grasp_descend": 29,
        "lift": 71
      },
      "grasp_attempted_rate": 1.0,
      "grasp_attached_rate": 0.71,
      "cube_fallen_rate": 0.0,
      "cube_lifted_rate": 0.71,
      "mean_cube_dz": 0.07869134816219384,
      "mean_ee_cube_dist": 0.02444696910794372,
      "mean_forced_wp_advances": 14.39
    },
    "rl_only": {
      "success_rate": 0.0,
      "success_ci_lo": 0.0,
      "success_ci_hi": 0.03699480747600191,
      "mean_reward": 65.64918099606865,
      "std_reward": 9.783292700633188,
      "mean_steps": 2133.82,
      "mean_residual": 0.0,
      "num_episodes": 100,
      "phase_distribution": {
        "pre_grasp": 0,
        "grasp_descend": 99,
        "lift": 1
      },
      "grasp_attempted_rate": 1.0,
      "grasp_attached_rate": 0.01,
      "cube_fallen_rate": 0.0,
      "cube_lifted_rate": 0.0,
      "mean_cube_dz": 0.025914476758553878,
      "mean_ee_cube_dist": 0.07103194102264458,
      "mean_forced_wp_advances": 21.22
    }
  },
  "perturb_0.020": {
    "planner_only": {
      "success_rate": 0.61,
      "success_ci_lo": 0.5120283616749817,
      "success_ci_hi": 0.699832780680298,
      "mean_reward": 214.64401634314373,
      "std_reward": 98.2348983281547,
      "mean_steps": 864.71,
      "mean_residual": 0.0,
      "num_episodes": 100,
      "phase_distribution": {
        "pre_grasp": 0,
        "grasp_descend": 39,
        "lift": 61
      },
      "grasp_attempted_rate": 1.0,
      "grasp_attached_rate": 0.61,
      "cube_fallen_rate": 0.0,
      "cube_lifted_rate": 0.61,
      "mean_cube_dz": 0.0716787744222627,
      "mean_ee_cube_dist": 0.03157002695583577,
      "mean_forced_wp_advances": 0.0
    },
    "hybrid": {
      "success_rate": 0.8,
      "success_ci_lo": 0.7111690380734977,
      "success_ci_hi": 0.8666340774409013,
      "mean_reward": 230.37937953643532,
      "std_reward": 81.18389454708273,
      "mean_steps": 2373.09,
      "mean_residual": 0.031453355910888395,
      "num_episodes": 100,
      "phase_distribution": {
        "pre_grasp": 0,
        "grasp_descend": 20,
        "lift": 80
      },
      "grasp_attempted_rate": 1.0,
      "grasp_attached_rate": 0.8,
      "cube_fallen_rate": 0.0,
      "cube_lifted_rate": 0.8,
      "mean_cube_dz": 0.08525152818171096,
      "mean_ee_cube_dist": 0.023376451259787046,
      "mean_forced_wp_advances": 14.79
    },
    "rl_only": {
      "success_rate": 0.0,
      "success_ci_lo": 0.0,
      "success_ci_hi": 0.03699480747600191,
      "mean_reward": 67.10376936111592,
      "std_reward": 6.756548196562316,
      "mean_steps": 2008.96,
      "mean_residual": 0.0,
      "num_episodes": 100,
      "phase_distribution": {
        "pre_grasp": 0,
        "grasp_descend": 99,
        "lift": 1
      },
      "grasp_attempted_rate": 1.0,
      "grasp_attached_rate": 0.01,
      "cube_fallen_rate": 0.0,
      "cube_lifted_rate": 0.0,
      "mean_cube_dz": 0.025478803957576145,
      "mean_ee_cube_dist": 0.09276214722350457,
      "mean_forced_wp_advances": 19.96
    }
  },
  "perturb_0.040": {
    "planner_only": {
      "success_rate": 0.32,
      "success_ci_lo": 0.2366901081545688,
      "success_ci_hi": 0.4166280225367919,
      "mean_reward": 157.339391544346,
      "std_reward": 92.1316292956219,
      "mean_steps": 863.9,
      "mean_residual": 0.0,
      "num_episodes": 100,
      "phase_distribution": {
        "pre_grasp": 0,
        "grasp_descend": 68,
        "lift": 32
      },
      "grasp_attempted_rate": 1.0,
      "grasp_attached_rate": 0.32,
      "cube_fallen_rate": 0.0,
      "cube_lifted_rate": 0.32,
      "mean_cube_dz": 0.051820017529664024,
      "mean_ee_cube_dist": 0.03417270898031822,
      "mean_forced_wp_advances": 0.08
    },
    "hybrid": {
      "success_rate": 0.86,
      "success_ci_lo": 0.7786263961619276,
      "success_ci_hi": 0.914737342455351,
      "mean_reward": 241.25007124818777,
      "std_reward": 71.32681731973425,
      "mean_steps": 2490.72,
      "mean_residual": 0.03175519469923654,
      "num_episodes": 100,
      "phase_distribution": {
        "pre_grasp": 0,
        "grasp_descend": 14,
        "lift": 86
      },
      "grasp_attempted_rate": 1.0,
      "grasp_attached_rate": 0.86,
      "cube_fallen_rate": 0.0,
      "cube_lifted_rate": 0.86,
      "mean_cube_dz": 0.09061421528667793,
      "mean_ee_cube_dist": 0.021821571063311743,
      "mean_forced_wp_advances": 16.1
    },
    "rl_only": {
      "success_rate": 0.0,
      "success_ci_lo": 0.0,
      "success_ci_hi": 0.03699480747600191,
      "mean_reward": 65.34865351078138,
      "std_reward": 9.179967306924814,
      "mean_steps": 2107.58,
      "mean_residual": 0.0,
      "num_episodes": 100,
      "phase_distribution": {
        "pre_grasp": 0,
        "grasp_descend": 100,
        "lift": 0
      },
      "grasp_attempted_rate": 1.0,
      "grasp_attached_rate": 0.0,
      "cube_fallen_rate": 0.0,
      "cube_lifted_rate": 0.0,
      "mean_cube_dz": 0.026996378835874784,
      "mean_ee_cube_dist": 0.09082382997460582,
      "mean_forced_wp_advances": 20.94
    }
  },
  "perturb_0.060": {
    "planner_only": {
      "success_rate": 0.42,
      "success_ci_lo": 0.32798224918511304,
      "success_ci_hi": 0.5179369200110473,
      "mean_reward": 169.1918988492016,
      "std_reward": 98.78487468527544,
      "mean_steps": 878.1,
      "mean_residual": 0.0,
      "num_episodes": 100,
      "phase_distribution": {
        "pre_grasp": 0,
        "grasp_descend": 58,
        "lift": 42
      },
      "grasp_attempted_rate": 1.0,
      "grasp_attached_rate": 0.42,
      "cube_fallen_rate": 0.0,
      "cube_lifted_rate": 0.42,
      "mean_cube_dz": 0.05775756679721672,
      "mean_ee_cube_dist": 0.02790593947488158,
      "mean_forced_wp_advances": 0.05
    },
    "hybrid": {
      "success_rate": 0.83,
      "success_ci_lo": 0.7445181876635703,
      "success_ci_hi": 0.8910652394022684,
      "mean_reward": 228.81836923186927,
      "std_reward": 76.21400755738259,
      "mean_steps": 2824.65,
      "mean_residual": 0.03221904572562599,
      "num_episodes": 100,
      "phase_distribution": {
        "pre_grasp": 0,
        "grasp_descend": 17,
        "lift": 83
      },
      "grasp_attempted_rate": 1.0,
      "grasp_attached_rate": 0.83,
      "cube_fallen_rate": 0.0,
      "cube_lifted_rate": 0.83,
      "mean_cube_dz": 0.08767364109840839,
      "mean_ee_cube_dist": 0.0197949642990472,
      "mean_forced_wp_advances": 19.13
    },
    "rl_only": {
      "success_rate": 0.0,
      "success_ci_lo": 0.0,
      "success_ci_hi": 0.03699480747600191,
      "mean_reward": 62.20728557368145,
      "std_reward": 11.82418506130654,
      "mean_steps": 2383.98,
      "mean_residual": 0.0,
      "num_episodes": 100,
      "phase_distribution": {
        "pre_grasp": 0,
        "grasp_descend": 97,
        "lift": 3
      },
      "grasp_attempted_rate": 1.0,