{
  "perturb_0.000": {
    "planner_only": {
      "success_rate": 1.0,
      "success_ci_lo": 0.9630051925239981,
      "success_ci_hi": 0.9999999999999999,
      "mean_reward": 295.26390098516316,
      "std_reward": 5.684341886080802e-14,
      "mean_steps": 888.0,
      "mean_residual": 0.0,
      "num_episodes": 100,
      "phase_distribution": {
        "pre_grasp": 0,
        "grasp_descend": 0,
        "lift": 100
      },
      "grasp_attempted_rate": 1.0,
      "grasp_attached_rate": 1.0,
      "cube_fallen_rate": 0.0,
      "cube_lifted_rate": 1.0,
      "mean_cube_dz": 0.10060038936794237,
      "mean_ee_cube_dist": 0.019933393876519403,
      "mean_forced_wp_advances": 0.0
    },
    "hybrid": {
      "success_rate": 0.79,
      "success_ci_lo": 0.7001985069803768,
      "success_ci_hi": 0.8583445046835422,
      "mean_reward": 230.2891048935712,
      "std_reward": 84.13605051334977,
      "mean_steps": 2369.35,
      "mean_residual": 0.026818374849659033,
      "num_episodes": 100,
      "phase_distribution": {
        "pre_grasp": 0,
        "grasp_descend": 21,
        "lift": 79
      },
      "grasp_attempted_rate": 1.0,
      "grasp_attached_rate": 0.79,
      "cube_fallen_rate": 0.0,
      "cube_lifted_rate": 0.79,
      "mean_cube_dz": 0.08507199005540673,
      "mean_ee_cube_dist": 0.020641807857038473,
      "mean_forced_wp_advances": 14.83
    },
    "rl_only": {
      "success_rate": 0.0,
      "success_ci_lo": 0.0,
      "success_ci_hi": 0.03699480747600191,
      "mean_reward": 66.7136684884718,
      "std_reward": 8.047472493119681,
      "mean_steps": 2056.39,
      "mean_residual": 0.0,
      "num_episodes": 100,
      "phase_distribution": {
        "pre_grasp": 0,
        "grasp_descend": 100,
        "lift": 0
      },
      "grasp_attempted_rate": 1.0,
      "grasp_attached_rate": 0.0,
      "cube_fallen_rate": 0.0,
      "cube_lifted_rate": 0.0,
      "mean_cube_dz": 0.025316522906336573,
      "mean_ee_cube_dist": 0.07502421477629335,
      "mean_forced_wp_advances": 20.41
    }
  },
  "perturb_0.020": {
    "planner_only": {
      "success_rate": 0.49,
      "success_ci_lo": 0.39421830092386145,
      "success_ci_hi": 0.5865215952256586,
      "mean_reward": 191.58477562566404,
      "std_reward": 99.36236982653267,
      "mean_steps": 856.41,
      "mean_residual": 0.0,
      "num_episodes": 100,
      "phase_distribution": {
        "pre_grasp": 0,
        "grasp_descend": 51,
        "lift": 49
      },
      "grasp_attempted_rate": 1.0,
      "grasp_attached_rate": 0.49,
      "cube_fallen_rate": 0.0,
      "cube_lifted_rate": 0.49,
      "mean_cube_dz": 0.06300562686449893,
      "mean_ee_cube_dist": 0.02792598097125803,
      "mean_forced_wp_advances": 0.0
    },
    "hybrid": {
      "success_rate": 0.69,
      "success_ci_lo": 0.5937376052204429,
      "success_ci_hi": 0.7722043679386762,
      "mean_reward": 206.97813071807857,
      "std_reward": 93.36829491232125,
      "mean_steps": 2505.88,
      "mean_residual": 0.026984930759387987,
      "num_episodes": 100,
      "phase_distribution": {
        "pre_grasp": 0,
        "grasp_descend": 31,
        "lift": 69
      },
      "grasp_attempted_rate": 1.0,
      "grasp_attached_rate": 0.69,
      "cube_fallen_rate": 0.0,
      "cube_lifted_rate": 0.69,
      "mean_cube_dz": 0.0779472246406182,
      "mean_ee_cube_dist": 0.020537368056882586,
      "mean_forced_wp_advances": 16.5
    },
    "rl_only": {
      "success_rate": 0.0,
      "success_ci_lo": 0.0,
      "success_ci_hi": 0.03699480747600191,
      "mean_reward": 65.61389245719927,
      "std_reward": 7.879064322764482,
      "mean_steps": 2054.11,
      "mean_residual": 0.0,
      "num_episodes": 100,
      "phase_distribution": {
        "pre_grasp": 0,
        "grasp_descend": 99,
        "lift": 1
      },
      "grasp_attempted_rate": 1.0,
      "grasp_attached_rate": 0.01,
      "cube_fallen_rate": 0.0,
      "cube_lifted_rate": 0.0,
      "mean_cube_dz": 0.025481857528504372,
      "mean_ee_cube_dist": 0.07520831521911427,
      "mean_forced_wp_advances": 20.42
    }
  },
  "perturb_0.040": {
    "planner_only": {
      "success_rate": 0.45,
      "success_ci_lo": 0.3561437510640346,
      "success_ci_hi": 0.5475557296835656,
      "mean_reward": 180.78311044096904,
      "std_reward": 99.06628353816086,
      "mean_steps": 871.11,
      "mean_residual": 0.0,
      "num_episodes": 100,
      "phase_distribution": {
        "pre_grasp": 0,
        "grasp_descend": 55,
        "lift": 45
      },
      "grasp_attempted_rate": 1.0,
      "grasp_attached_rate": 0.45,
      "cube_fallen_rate": 0.0,
      "cube_lifted_rate": 0.45,
      "mean_cube_dz": 0.060815089385670505,
      "mean_ee_cube_dist": 0.026934663382513078,
      "mean_forced_wp_advances": 0.04
    },
    "hybrid": {
      "success_rate": 0.61,
      "success_ci_lo": 0.5120283616749817,
      "success_ci_hi": 0.699832780680298,
      "mean_reward": 184.43231683916042,
      "std_reward": 98.22152059454741,
      "mean_steps": 2762.58,
      "mean_residual": 0.02708477816378281,
      "num_episodes": 100,
      "phase_distribution": {
        "pre_grasp": 0,
        "grasp_descend": 39,
        "lift": 61
      },
      "grasp_attempted_rate": 1.0,
      "grasp_attached_rate": 0.61,
      "cube_fallen_rate": 0.0,
      "cube_lifted_rate": 0.61,
      "mean_cube_dz": 0.07184847806141921,
      "mean_ee_cube_dist": 0.023997930821280104,
      "mean_forced_wp_advances": 19.2
    },
    "rl_only": {
      "success_rate": 0.0,
      "success_ci_lo": 0.0,
      "success_ci_hi": 0.03699480747600191,
      "mean_reward": 64.83211248274819,
      "std_reward": 8.978020285074527,
      "mean_steps": 2115.86,
      "mean_residual": 0.0,
      "num_episodes": 100,
      "phase_distribution": {
        "pre_grasp": 0,
        "grasp_descend": 100,
        "lift": 0
      },
      "grasp_attempted_rate": 1.0,
      "grasp_attached_rate": 0.0,
      "cube_fallen_rate": 0.0,
      "cube_lifted_rate": 0.0,
      "mean_cube_dz": 0.025447971482114005,
      "mean_ee_cube_dist": 0.08086575124719744,
      "mean_forced_wp_advances": 21.02
    }
  },
  "perturb_0.060": {
    "planner_only": {
      "success_rate": 0.36,
      "success_ci_lo": 0.2727107459049014,
      "success_ci_hi": 0.45764780018837914,
      "mean_reward": 157.25216460550766,
      "std_reward": 95.18446344008855,
      "mean_steps": 876.11,
      "mean_residual": 0.0,
      "num_episodes": 100,
      "phase_distribution": {
        "pre_grasp": 0,
        "grasp_descend": 64,
        "lift": 36
      },
      "grasp_attempted_rate": 1.0,
      "grasp_attached_rate": 0.36,
      "cube_fallen_rate": 0.0,
      "cube_lifted_rate": 0.36,
      "mean_cube_dz": 0.05371716110622514,
      "mean_ee_cube_dist": 0.03476488474747167,
      "mean_forced_wp_advances": 0.08
    },
    "hybrid": {
      "success_rate": 0.55,
      "success_ci_lo": 0.4524442703164344,
      "success_ci_hi": 0.6438562489359654,
      "mean_reward": 164.94161619199548,
      "std_reward": 99.64998396549117,
      "mean_steps": 2966.99,
      "mean_residual": 0.02715717011210536,
      "num_episodes": 100,
      "phase_distribution": {
        "pre_grasp": 0,
        "grasp_descend": 45,
        "lift": 55
      },
      "grasp_attempted_rate": 1.0,
      "grasp_attached_rate": 0.55,
      "cube_fallen_rate": 0.0,
      "cube_lifted_rate": 0.55,
      "mean_cube_dz": 0.0664858428869392,
      "mean_ee_cube_dist": 0.027105525167578103,
      "mean_forced_wp_advances": 21.19
    },
    "rl_only": {
      "success_rate": 0.0,
      "success_ci_lo": 0.0,
      "success_ci_hi": 0.03699480747600191,
      "mean_reward": 64.25746447575727,
      "std_reward": 11.301685014815124,
      "mean_steps": 2192.79,
      "mean_residual": 0.0,
      "num_episodes": 100,
      "phase_distribution": {
        "pre_grasp": 0,
        "grasp_descend": 99,
        "lift": 1
      },
      "grasp_attempted_rate": 1.0,